0.455988,0.278944,0.339127,0.462171,0.448403,0.446386,0.368393,0.357115,0.460406,0.378432,0.405286,0.345162,0.294646,0.458534,0.396123,0.400177,0.416007,0.43308,0.433349,0.394809,0.489278,0.404647,0.424114,0.290709,0.382445,0.338764,0.312474,0.45642,0.347899,0.413141,0.370659,0.496385,0.276394,0.352342,0.393831,0.429319,0.36283,0.36392,0.405312,0.451541,0.365387,0.226935,0.362506,0.329567,0.430154,0.336431,0.430596,0.419594,0.32747,0.496088,
0.396239,0.292692,0.392252,0.797082,0.288512,0.5128,0.746128,0.906437,0.828239,0.44783,0.374756,1.27636,0.468596,0.466636,1.7746,0.833015,1.15903,1.97717,1.134,0.33074,0.423843,0.422028,0.99064,0.390253,0.41801,0.758045,0.707223,0.427862,1.19223,1.20901,0.37997,0.823275,0.343132,0.860041,0.468085,1.66675,0.360196,0.712701,0.873184,1.41644,0.458896,0.352946,1.69746,1.86482,0.342012,0.763923,0.706242,0.798609,0.745573,0.443035,
0.438663,0.379574,0.38279,1.64505,0.352278,0.828813,0.365361,0.717526,0.908765,0.345477,0.647695,1.9947,1.252,0.315797,2.83717,0.792204,1.82439,2.96802,1.13569,0.251549,1.08757,1.22629,1.04048,0.744836,0.382555,0.797392,1.38689,0.385914,0.86857,2.09956,0.842356,0.829887,0.811025,0.393663,0.27341,2.66413,0.457316,0.884747,0.396061,2.45593,0.257865,0.317674,2.37252,3.92463,0.903686,0.893829,0.524313,0.392909,1.59112,0.354094,
0.486606,0.492828,0.495351,1.60475,0.405608,0.315064,0.406811,0.82504,0.849605,0.342611,0.795504,3.71742,0.7325,0.313915,3.49236,1.22521,1.83654,4.17641,1.90491,0.394884,0.807064,1.14422,0.715761,0.877714,0.421373,1.40586,0.802623,0.341484,0.755904,3.34863,0.459241,0.263089,0.915674,1.9023,0.437211,4.15821,0.448816,0.534164,0.89472,3.66693,0.393861,0.395873,4.14984,5.99717,0.500775,1.35114,0.46651,0.801097,1.83366,0.795715,
0.417727,0.426085,0.320657,1.93891,0.324826,0.425437,0.37757,1.19919,0.745368,0.817379,0.581786,4.96881,0.75273,0.402161,4.71553,1.45103,1.85547,5.52228,2.08381,0.443923,0.388414,0.786939,0.974523,1.23089,0.415615,1.33736,0.630208,0.33843,0.522741,4.40472,0.904603,0.813673,0.43146,1.8066,0.39386,5.43419,0.864866,0.762981,0.573936,5.01367,0.429869,0.862777,5.69234,7.37564,0.436492,2.15186,0.899999,0.804435,2.63884,1.24299,
0.467347,0.447288,0.409388,2.34521,0.261916,0.378533,0.747575,1.10514,1.2354,0.923705,0.353481,5.25873,0.465041,0.511953,5.61451,0.961002,3.75778,6.9295,2.09387,0.45478,0.32696,0.54771,0.386764,1.38966,0.399954,0.754558,0.344455,0.401459,0.325595,6.35264,0.394648,1.09137,0.468146,1.39082,0.77207,6.58201,0.424269,0.844634,0.544896,7.61021,0.389909,0.419571,7.77996,8.05863,0.293461,2.88222,1.32644,1.14312,2.53005,1.08654,
0.3993,0.350928,0.435667,3.22335,0.363673,0.644238,0.475974,1.61866,1.2484,0.830765,0.378892,6.13634,0.479879,0.473719,7.20009,2.34279,4.55919,7.89844,2.27185,0.477049,0.401859,0.404629,1.19726,0.864573,0.373885,0.728809,1.70079,0.36876,0.799609,6.33724,0.466311,1.64672,0.372897,0.8463,1.02872,8.11825,0.420122,0.921128,0.466872,8.20528,0.366604,0.402646,8.24658,9.56181,0.903069,2.78553,0.87957,1.64958,3.53729,1.21672,
0.353976,0.257435,0.531895,3.74922,0.439788,0.357141,0.433708,1.93152,1.74547,0.492793,1.01598,7.19265,0.851919,0.43428,8.55269,2.70836,4.40041,9.80837,2.40617,0.49452,0.464402,0.901781,1.1517,0.880118,0.396269,0.324239,1.50043,0.467581,0.829895,7.57088,0.336715,1.35531,0.38174,1.62598,0.610518,9.99388,0.420233,1.17626,0.879349,9.48764,0.992131,0.429351,9.37068,9.54984,0.43696,3.16663,0.799467,1.31098,3.4689,1.23851,
0.408177,0.420218,0.503415,5.0375,0.441719,0.773737,0.393822,2.25929,1.66528,0.407954,0.829639,8.75285,1.17278,0.379438,8.82917,2.34437,4.22711,9.67509,2.47531,0.385413,1.30136,0.413151,0.865928,0.826561,0.293294,0.816196,1.50416,0.381122,1.54249,9.2125,0.44639,1.25457,0.436794,1.86658,0.354855,9.9843,0.356055,1.22605,0.418707,9.72085,0.737829,0.358816,9.008,9.99292,0.434247,3.47933,0.705097,1.24297,4.66863,0.854751,
0.372352,0.374005,0.409143,5.2012,0.485027,0.82645,0.444903,2.27099,1.69599,0.923191,0.785204,9.20939,1.64948,0.426672,9.87487,2.24394,4.81064,9.9084,2.7344,0.37481,1.34423,1.17501,0.782072,0.318433,0.45076,1.09083,1.68203,0.237565,1.07288,9.37133,0.759515,1.63726,0.380944,1.77374,0.722801,9.55759,0.381182,1.1383,0.250857,9.26318,0.773413,0.375257,9.63229,9.59979,0.336626,4.05399,0.944291,1.09405,4.43849,0.468398,
0.418967,0.438014,0.389599,6.28933,0.442198,0.85121,0.519915,2.50634,2.01928,0.40768,1.14207,9.95468,1.65184,0.385739,9.90762,1.85704,6.04357,9.86445,2.90426,0.392794,1.34458,1.15069,1.14723,0.378761,0.432558,0.773958,2.29149,0.394643,2.18167,9.46576,0.840204,1.59206,0.571518,1.50603,0.35829,9.09883,0.458355,1.91234,0.430491,9.44262,0.401956,0.399848,9.17815,9.71387,0.415706,3.77203,0.822779,1.11893,4.63485,0.300809,
0.43296,0.362802,0.420976,6.73153,0.416392,0.438808,0.516304,2.91153,1.98585,1.42625,1.1462,9.94984,1.45048,0.438652,9.86458,2.20051,7.3355,9.88682,3.55095,0.28149,1.29988,1.54193,1.58073,0.247799,0.489217,1.23966,2.24379,0.534353,2.33167,9.94169,0.383753,1.28303,0.368922,1.62008,0.483312,9.95004,0.960021,1.97816,0.168513,9.97002,0.377401,0.395173,9.35273,9.97486,0.817328,3.49838,0.436744,0.868227,4.99485,0.326596,
0.32762,0.416981,0.492,6.67706,0.468332,1.27485,0.296661,3.45073,2.18658,1.07209,0.727779,9.6394,1.02697,0.439704,9.80478,2.20518,7.40336,9.93563,4.01576,0.454246,1.23023,1.64869,1.6156,1.00446,0.290339,0.817962,1.83834,0.324201,2.35621,9.48516,0.471015,1.65729,0.415973,1.08972,0.38098,9.95981,0.406857,2.43468,0.463431,9.73402,0.333309,0.424929,8.98739,9.62215,1.17417,3.67079,1.25914,0.655006,5.46082,0.447776,
0.290326,0.422036,0.464884,6.06181,0.369054,1.20269,0.48862,2.9841,2.18683,1.22682,0.635068,9.28726,1.08173,0.319595,9.90446,2.25679,8.31223,9.77269,4.50972,0.504623,1.31256,1.84714,2.04032,1.43653,0.41587,0.766829,2.01975,0.309329,2.99032,9.43763,0.425513,1.56505,0.840437,0.748283,0.583889,9.95479,0.443283,2.81479,0.326005,9.93496,0.425579,0.452169,9.09279,9.85887,1.08847,3.74196,0.74076,0.823084,5.09231,0.435191,
0.412299,0.291009,0.847617,6.68204,0.383121,0.822573,0.363525,2.50862,2.08292,1.1861,0.686033,9.90086,1.38537,0.321343,9.6904,2.72697,9.30346,9.79594,5.61764,0.468901,1.13552,1.7232,2.08569,1.01367,0.37152,0.85912,1.96398,0.351501,3.2461,9.08537,0.48899,2.06716,0.853844,1.18175,0.371315,9.92093,0.408605,2.41496,0.377848,9.78658,0.536239,0.461307,9.13194,9.826,1.22883,3.56801,0.830463,0.988282,5.15548,0.374745,
0.432039,0.357545,0.343447,7.61746,0.397917,0.409181,0.433951,2.12656,1.90601,0.999952,0.843845,9.92359,0.805182,0.478041,9.98179,2.36527,9.96638,9.55437,5.29416,0.334053,2.23639,1.14713,3.09656,1.57173,0.363863,1.30205,2.37083,0.432794,3.37028,9.06992,0.328757,3.16964,0.473628,1.31314,0.392213,9.59483,0.375051,1.98382,0.367368,9.86909,0.343131,0.519797,9.00493,9.96368,0.748103,3.67288,0.470093,0.298611,5.20016,0.323261,
0.413272,0.317397,0.440771,8.23738,0.490534,0.451011,0.376984,1.56732,1.87283,0.366875,0.414468,9.9833,0.639053,0.308499,9.95817,2.63286,9.96281,9.8167,5.70112,0.351651,1.64539,0.995028,3.25247,1.99393,0.498687,1.39584,2.7458,0.310773,3.9134,9.8092,0.351241,2.97737,0.456926,1.13022,0.438843,9.0677,0.47042,1.8178,0.499172,9.60829,0.409842,0.324529,9.53466,9.91848,0.343316,3.79897,0.404996,0.340817,5.31645,1.28626,
0.453129,0.398128,0.392379,9.01623,0.440766,0.40749,0.40835,1.55282,1.86532,0.374091,0.44953,9.9439,0.746286,0.406408,9.84163,2.66567,9.67498,9.72286,6.4488,0.420922,1.82159,1.35199,3.98198,2.82709,0.406837,1.25839,3.33626,0.413781,3.81195,9.75804,0.855686,3.06361,0.449133,0.93478,0.404864,8.94271,0.443827,1.76994,0.438685,9.64364,0.352972,0.478071,9.04426,9.46608,0.855632,3.85914,0.374543,0.513415,5.68922,1.11356,
0.355524,0.437736,0.84838,9.49597,0.398073,0.271228,0.403195,1.94606,1.87482,0.888884,0.349052,9.89397,0.692572,0.412757,9.93719,2.62906,9.70548,9.99963,7.07565,0.452838,1.27524,1.80626,3.89414,3.24184,0.329495,0.764421,4.09783,0.340324,3.88495,9.79377,0.870146,4.15672,0.449868,1.14716,0.37111,8.99792,0.487614,1.84882,0.48803,9.59053,0.3821,0.468878,9.11454,9.91389,0.841169,4.36602,0.412594,0.354907,5.27395,1.13307,
0.445598,0.449251,0.424449,9.79313,0.404105,0.896921,0.475936,1.93926,1.85741,0.858886,0.967412,9.99296,0.414123,0.290235,9.99636,3.39516,9.6094,9.64429,7.19262,0.371718,1.13474,2.17393,4.42355,2.89749,0.49354,0.757464,4.51538,0.418703,4.76888,9.92823,0.298678,4.29387,0.398857,1.40071,0.416685,9.3369,0.345611,1.53844,0.343316,9.20485,0.955351,0.404635,9.5584,9.43949,0.377101,4.31733,0.384157,0.712252,6.07871,0.695433,
0.43973,0.270623,0.336473,9.94293,0.613917,0.355796,0.821267,2.34187,2.00804,0.427349,1.19409,9.83993,1.12005,0.39942,9.90802,3.33718,9.70756,9.3781,7.27926,0.416748,1.22495,1.98708,4.47467,3.02901,0.389409,0.802433,5.41699,0.405364,5.02447,9.50844,0.338006,4.46233,0.34762,3.09371,0.397432,9.6443,0.27464,1.59739,0.300822,9.80941,0.395265,1.09495,9.2484,9.27624,0.761345,3.88903,0.902799,0.637932,6.10129,0.375584,
0.487227,0.420856,0.31263,9.65433,0.428712,0.826369,0.480709,2.81036,2.35749,1.07275,0.800191,9.83372,0.960423,0.361058,9.86093,3.58327,9.919,9.69602,7.56207,0.402636,1.32675,2.33869,4.41602,3.16117,0.363064,0.373199,5.25382,0.378821,4.95853,9.84529,0.694116,5.12958,0.373921,3.32615,0.473839,9.97897,0.376287,1.71886,0.877919,9.76639,0.419296,0.750177,9.48874,8.86187,0.464124,4.44523,0.667834,1.29678,6.06741,0.391939,
0.361813,0.35241,0.529863,9.93365,0.551629,0.326529,0.382403,2.52194,2.21005,1.20808,1.18301,9.75015,1.18101,0.400098,9.88682,3.92868,9.85871,9.78603,8.5905,0.33638,1.22922,1.95746,5.30324,3.88728,0.359518,0.733039,5.70916,0.720433,6.34686,9.91611,0.882382,6.35657,0.898457,3.22526,0.452812,9.53358,0.364234,1.68673,0.708234,9.47665,0.376859,0.307806,9.11125,8.79216,0.460948,3.97572,0.415779,0.822769,5.79888,1.03863,
0.305551,0.380372,0.860709,9.77709,0.366935,0.364889,0.45638,2.47768,2.7411,0.853616,1.0259,9.7498,1.41553,0.339922,9.98197,4.39846,9.7691,9.68428,8.50306,0.293198,1.30332,2.8682,5.53435,3.75953,0.371055,1.17956,6.04605,0.515757,6.31897,9.58694,0.898951,5.8978,0.482937,3.62337,0.450306,9.98489,0.794974,1.69421,0.40645,9.37236,0.961424,0.405301,9.22971,9.39551,0.386625,4.37767,0.964547,1.06041,5.38314,1.15212,
0.355415,0.406129,0.736922,9.77818,0.488903,0.43764,0.283889,2.96262,3.12614,0.389082,0.855761,9.65208,2.07496,0.363482,9.83458,5.14217,9.97197,9.99328,9.17778,0.386788,1.60753,2.47197,6.60975,3.74566,0.432244,1.21492,6.44468,0.375174,6.50261,9.72925,0.785919,6.07378,0.392467,3.36983,0.281177,9.65046,0.305489,2.0659,0.364166,9.03248,0.363239,0.936407,9.266,9.66423,0.483457,4.66104,1.36968,0.730372,5.2477,0.841766,
0.387831,0.341721,0.445759,9.72182,0.251504,0.859837,0.42088,3.77444,3.09891,0.431918,0.87025,9.76525,1.6902,0.405894,9.76309,5.1739,9.88662,9.65906,8.84025,0.296771,1.10971,3.06721,7.55405,3.24107,0.458034,0.898461,7.97353,0.318672,7.75156,9.73978,0.860776,5.56869,0.445747,3.23067,0.280668,9.59413,0.843372,2.44103,0.486499,9.35509,0.338021,0.379934,9.16839,9.72396,0.811377,5.17901,0.889767,0.354843,5.24036,0.478446,
0.408235,0.453167,0.87751,9.74128,0.390488,0.36531,0.376568,4.31199,3.37506,0.453077,0.655309,9.74647,1.38115,0.31255,9.77989,6.05876,9.85053,9.667,9.21098,0.332687,1.18615,2.55173,7.5526,3.08134,0.457124,0.810637,7.83599,0.796368,7.44118,9.76442,0.303934,6.25647,0.322176,2.67398,0.403124,9.48879,0.367132,2.37418,0.389801,9.32722,0.827757,0.411831,9.56749,9.67399,0.756572,5.54407,0.355212,1.11398,5.67807,1.20382,
0.421469,0.442377,0.362498,9.89387,0.41432,0.699723,0.388173,4.43922,3.19559,0.785334,0.880235,9.78115,0.858274,0.280799,9.87029,5.83335,9.6692,9.17791,9.53541,0.385229,0.773674,2.93909,7.586,3.21098,0.437247,1.06979,8.74266,0.363882,7.59539,9.7649,0.491069,6.41202,0.888912,2.33931,0.84586,9.35419,0.787305,2.41479,0.297834,9.17198,0.443641,0.453723,9.08745,9.49599,0.815258,5.37699,0.81167,1.09609,5.46145,1.2045,
0.335124,0.33003,0.351201,9.85869,0.400638,0.40531,0.365437,4.73537,3.55266,0.481865,0.759855,9.80141,0.877876,0.401393,9.95467,5.35867,9.61469,9.17206,9.67508,0.382804,0.394058,3.63502,7.63983,2.77337,0.436035,1.22478,9.09364,0.453307,8.54688,9.76164,0.478183,6.35809,0.408746,2.20104,0.944842,8.92634,0.689008,2.43407,0.294515,9.90662,0.459244,0.722531,9.20498,9.72871,0.869195,7.15626,0.891077,1.0966,5.10878,1.15361,
0.550622,0.313758,0.380497,9.672,0.384093,0.395653,0.42642,4.80436,3.63201,0.832473,0.45001,9.74359,0.471668,0.352989,9.98261,5.35484,9.48495,9.84811,9.28563,0.382122,0.633697,3.71684,8.4169,2.81512,0.284004,0.78226,9.24054,0.498646,8.70203,9.84994,0.450361,7.03818,0.962306,2.42419,0.44501,9.64601,0.721273,2.48559,0.317068,9.85808,0.839594,0.4099,9.42602,9.28836,0.363419,6.77878,0.328596,1.47666,4.93495,0.736529,
0.28207,0.322559,0.318375,9.63027,0.357528,0.394807,0.391998,5.43335,3.63518,0.486308,0.289822,9.66631,1.35313,0.269829,9.81075,5.7814,9.05215,9.78427,8.91381,0.25387,1.63772,4.17249,8.74534,2.97245,0.360572,1.16826,8.88359,0.345487,8.40089,9.9314,0.424747,7.46129,0.883696,2.35671,0.453405,9.37543,0.436672,2.12651,0.327143,9.54929,0.404943,0.433708,9.36263,9.89678,0.391415,6.33261,0.394937,1.10098,4.51129,0.816794,
0.504437,0.453399,0.440062,9.89177,0.419354,0.48425,0.384661,5.13131,3.45589,0.876374,0.415287,9.90325,1.29908,0.462107,9.78963,5.78983,9.58778,9.90183,9.10289,0.490019,1.12908,3.95024,9.47576,3.31096,0.47041,0.902862,8.93827,0.303134,8.00625,9.87371,0.416226,7.49422,0.468275,2.11324,0.667251,9.01832,0.413344,2.5414,0.311123,9.52743,0.381995,0.820631,9.41792,9.75459,0.337518,6.10289,0.422691,1.19105,4.18065,1.00679,
0.393953,0.402954,0.62832,9.91398,0.326945,0.357141,0.418865,5.80626,3.55376,0.355558,0.34199,9.93497,0.932725,0.434186,9.81663,5.66557,9.33385,9.33586,9.08558,0.559889,1.13843,3.89064,9.87098,3.71967,0.387082,0.862554,9.29247,0.430784,8.33413,9.82132,0.32315,8.66807,0.482621,1.58811,0.502979,9.61489,0.695748,2.56879,0.451109,9.83973,0.392407,0.279981,9.32629,9.7537,0.633139,6.14917,0.443131,0.933815,5.19673,1.05144,
0.311275,0.45415,0.374401,9.85508,0.354664,0.469539,0.397409,6.10167,4.17547,0.75731,0.915794,9.77003,1.16951,0.37675,9.76072,5.71277,9.59852,9.96433,9.42242,0.382166,1.13937,3.39699,9.92301,3.26903,0.4559,0.727955,8.8925,0.37018,8.87344,9.40395,0.39819,8.82385,0.373509,2.35611,0.450925,9.54401,0.4873,3.30798,0.453992,9.74089,1.42336,0.428322,9.00838,9.73787,0.338381,6.70289,0.756597,0.739609,5.76484,0.638696,
0.441438,0.369838,0.324074,9.93017,0.409556,0.717986,0.423083,6.06839,4.56439,0.761187,0.764987,9.7981,1.24797,0.331206,9.73415,5.82925,9.70254,9.92504,9.50174,0.424508,0.801032,3.27488,9.79907,3.15957,0.365297,0.836283,9.02982,1.06533,9.11583,9.00741,0.353484,9.11803,0.46781,2.19737,0.451505,9.1783,0.448552,3.27814,0.291548,9.29303,0.852996,0.752587,9.2328,9.73717,0.404023,7.01827,0.864114,1.27746,6.37363,0.460535,
0.483716,0.443414,0.455167,9.87461,0.362256,0.357766,0.80983,6.92214,4.98878,0.450358,0.377668,9.69815,1.33733,0.39922,9.79835,5.47577,9.63724,9.8816,9.11819,0.374697,0.620447,3.29691,9.90896,2.74466,0.352057,0.943216,9.35024,0.733148,8.9803,9.58601,0.373779,8.67802,0.35115,2.24162,0.371754,9.2185,0.39318,3.1722,0.864486,9.86041,0.363902,0.858516,9.09782,9.7152,0.748471,7.22496,0.334576,0.845901,6.23272,0.347061,
0.345852,0.341888,0.404704,9.88362,0.456692,0.398931,1.15443,6.65769,4.82541,0.498035,0.716034,9.75932,1.31738,0.438949,9.95111,6.30861,9.96314,9.943,9.21731,0.422837,0.422547,3.78735,9.93836,2.90951,0.26618,0.799102,9.39268,0.447988,8.96281,9.05872,0.342772,9.14828,0.450394,2.2982,0.315746,9.42757,0.344839,2.53318,0.382136,9.83707,0.404606,0.409212,9.36532,9.79259,1.24544,6.6642,1.54453,0.852687,7.26657,0.29802,
0.36995,0.386529,0.406477,9.64448,0.320627,0.426152,0.826751,6.66882,4.80801,0.399996,0.442766,9.59862,1.24926,0.323966,9.89696,6.23835,9.84685,9.64771,8.88088,0.405748,0.853732,4.40189,9.97944,3.04647,0.470676,0.821156,9.23007,0.837457,8.93576,9.7745,0.855297,9.33201,1.33309,2.17016,0.487506,9.94987,0.425024,2.39363,0.919866,9.9468,0.380387,0.861911,8.98218,9.88155,0.818423,6.1811,1.09166,0.44118,6.9654,0.423664,
0.339017,0.357871,0.762208,9.76169,0.527853,0.880283,0.353868,6.8951,5.22505,0.742074,0.437599,9.46464,1.17809,0.429625,9.89547,6.26834,9.74667,9.98526,9.05062,0.459035,0.843761,4.67569,9.7729,3.51149,0.385572,0.305964,8.91958,0.409765,8.79811,9.27016,0.364968,8.92645,0.830113,2.61408,0.403529,9.66753,0.767616,2.52571,0.880001,9.97018,0.395127,0.422185,9.40028,9.53243,0.430808,5.65052,1.34718,0.477216,7.25985,0.678511,
0.326719,0.411973,0.513721,9.79151,0.502495,0.868394,0.254408,7.52532,5.71806,0.357216,0.828013,9.96939,1.29773,0.405137,9.84016,7.27702,9.70426,9.76671,9.44158,0.530467,1.27748,4.26815,9.7311,3.58626,0.334389,0.861695,9.08081,0.514087,9.03518,9.30066,0.368155,8.37815,0.572484,3.15618,0.491768,9.85036,0.61664,2.23679,0.414935,9.66915,0.380611,0.293023,8.98759,9.82795,0.816104,5.2403,1.22635,0.429469,7.60411,0.338298,
0.497096,0.366437,0.519653,9.73307,0.534881,0.387386,0.465006,7.53113,5.70358,0.830227,0.806207,9.99821,0.862981,0.373165,9.74461,7.18222,9.88095,9.7723,9.38411,0.382533,1.14096,4.19192,9.95959,3.33652,0.545033,1.16071,9.03481,0.398624,8.96921,8.87125,0.736057,8.10707,0.771878,2.75662,0.56607,9.71435,0.415096,2.06374,0.48068,9.73646,0.691645,0.441253,9.41524,9.63,0.815274,4.66559,1.14306,0.829684,8.53586,0.784524,
0.326893,0.444297,0.434443,9.87474,0.455659,1.05162,0.40678,7.55859,5.7541,0.45458,1.11734,9.79006,1.182,0.37037,9.99886,7.12796,9.72294,9.85512,8.94041,0.340076,1.28666,4.24231,9.94264,2.77688,0.402041,0.696228,9.58982,0.405379,8.95296,8.6992,0.447336,8.38228,0.396488,3.73939,0.446819,9.67384,0.328914,1.94543,0.386234,9.14425,0.403302,0.354832,9.62933,9.86983,0.417645,4.72551,1.12674,1.25089,9.04125,0.442765,
0.46617,0.428705,0.708192,9.62816,0.38565,0.762607,0.289275,7.67441,5.67857,0.423236,1.28218,9.66015,0.857918,0.436975,9.75631,6.86799,9.83769,9.91314,9.24027,0.464404,1.14376,4.17969,9.95495,2.17496,0.291122,0.797469,9.04349,0.442387,8.86937,8.73715,0.425593,8.58146,0.478525,3.62492,0.402551,9.51613,0.737466,1.5897,0.367462,9.54377,0.78596,0.390228,9.543,9.50867,0.490706,5.41231,1.27345,1.09548,8.86538,0.780163,
0.441593,0.433648,0.439034,9.72851,0.361895,0.479522,0.429098,7.30821,5.60209,0.47182,2.27632,9.72913,0.365372,0.336315,9.8059,6.36353,9.52262,9.75607,9.68079,0.484326,1.29759,4.49707,9.59412,2.32897,0.386184,1.28634,8.55389,0.390461,8.52161,9.0912,0.438121,8.93234,0.413507,3.92312,0.365436,9.97094,0.438058,1.11375,0.340568,9.57586,0.274213,0.450071,9.46887,9.36048,0.456084,5.86389,1.29965,1.60805,9.28757,0.425732,
0.498614,0.296857,1.18306,9.61371,0.423617,0.453628,0.384631,7.50096,5.3792,0.86034,2.1231,9.99993,0.312343,0.478743,9.6464,7.1586,9.73493,9.6908,9.37633,0.406684,1.27552,4.42292,9.58141,1.98248,0.429255,0.952665,9.20394,0.439343,8.23029,9.1115,0.335882,8.96033,0.353949,3.77506,0.778794,9.61243,0.493741,0.787162,0.370681,9.99818,0.430722,0.856808,9.01807,9.47286,0.791869,5.19226,1.55706,1.30717,8.81354,0.298151,
0.418525,0.325644,1.7786,9.68944,0.444469,0.491316,0.306478,7.53705,5.88057,0.707917,1.75688,9.85049,0.834717,0.390026,9.74153,7.18652,9.72764,9.53568,8.98832,0.378007,1.11761,4.69045,9.63965,2.12043,0.388706,0.768287,8.77457,0.42884,8.37152,9.84766,0.379286,8.89602,0.406676,4.4795,0.82585,9.58161,0.780641,0.337287,0.4771,9.74304,0.409768,0.883456,8.8067,9.80363,0.317132,4.98245,1.05102,1.27009,8.86296,1.50677,
0.425244,0.408329,1.42501,9.95296,0.421565,0.971317,0.434905,6.9615,5.78069,0.469844,1.82307,9.92701,1.45474,0.488088,9.78022,6.89527,9.69772,9.54393,9.27406,0.458118,1.14451,4.67824,9.65614,1.99803,0.484631,0.465257,8.88678,0.847676,8.91743,9.83336,0.509279,8.4351,0.302012,5.00801,0.393134,9.45127,0.352705,1.17405,0.482822,9.67102,0.760597,0.495327,9.33028,9.47734,0.431111,4.91279,0.71286,1.77299,8.99104,1.85187,
0.318709,0.425476,0.935438,9.70912,0.378135,0.723961,0.387771,6.99066,5.96901,0.406243,1.84373,9.9502,1.43128,0.484285,9.68714,7.08644,9.66729,9.69469,9.7652,0.328836,1.17336,5.07782,9.94432,2.44568,0.497801,0.819597,9.16356,0.404367,8.97313,9.43104,0.304869,7.88184,0.433228,4.72564,0.676908,9.57579,0.970691,2.09944,0.82705,9.62146,0.895992,0.526848,9.40763,8.94326,0.519857,6.12916,0.867323,1.37347,8.47861,1.78826,
0.306,0.326882,0.398287,9.69874,0.497952,0.976274,0.416827,7.85726,6.18675,1.1524,1.52475,9.96965,1.85632,0.39589,9.72178,6.7908,9.91821,9.95476,9.58506,0.421061,1.12318,4.67638,9.48577,2.32453,0.370454,1.23891,9.11325,0.351103,8.59536,9.50968,0.408965,8.18869,0.305898,4.54735,0.376439,9.63635,0.411292,2.60469,0.479982,9.65579,0.395482,0.435233,9.00204,9.65455,0.465781,6.69721,0.440664,1.94099,8.79807,1.46379,
0.433904,0.406567,0.835519,9.88459,0.41302,0.434364,0.441867,9.07251,6.29853,1.14195,1.6762,9.90143,2.02138,0.463952,9.8936,6.93896,9.7046,9.85979,9.47377,0.468523,1.29497,4.12216,9.96362,2.91772,0.24602,0.807772,9.0581,0.35942,8.63273,9.59768,0.336363,7.9033,0.884091,4.80754,0.807547,9.28712,0.404474,2.81198,0.373928,9.46913,0.840058,0.354015,9.63391,9.65514,0.34712,6.3734,0.537309,1.6805,8.85252,1.80207,
0.261226,0.427944,0.35192,9.73679,0.491165,1.11545,0.349879,8.96292,6.8277,0.742916,1.28911,9.79306,2.1229,0.478976,9.79267,6.57592,9.6848,9.84527,9.10158,0.464791,1.67793,3.87637,9.68637,2.50624,0.481493,0.452328,8.96208,0.410749,9.17844,9.64702,0.686746,8.20257,0.361781,5.20932,0.388853,9.74158,0.792977,3.31879,0.478483,9.49714,0.512772,0.716403,9.88614,9.78144,0.724175,6.59034,0.390688,1.17248,8.35048,1.86508,
0.436251,0.392455,0.412757,9.81665,0.312516,0.824021,0.334308,8.48835,6.99332,0.345903,0.749659,9.73444,1.73385,0.303299,9.66282,7.04399,9.79339,9.83673,9.22827,0.483974,1.84214,3.58697,9.70981,2.35849,0.384064,1.33231,8.79702,0.941711,9.22397,9.58381,0.84002,8.79158,0.812884,5.4933,0.402846,9.86887,0.286439,2.72644,0.246574,9.81015,0.339406,1.07329,9.53161,9.95231,0.879942,7.59085,1.07411,0.728593,8.45388,1.723,
0.426749,0.391004,0.764213,9.82059,0.368689,0.367646,0.27216,8.1281,7.4081,0.673942,1.18944,9.70647,1.19986,0.415315,9.99258,7.06395,9.89045,9.64157,8.89744,0.413502,2.26131,3.44794,9.30911,2.41269,0.374481,1.38673,8.70217,0.364662,8.82059,9.88988,0.419997,8.90268,0.803203,5.93465,0.353999,9.70126,0.791855,3.05942,0.457091,9.41365,0.795538,0.764921,9.76825,9.70262,0.443366,8.40753,1.16846,0.430363,8.35408,1.79054,
0.444087,0.386643,0.407088,9.66651,0.267739,0.397562,0.361238,8.77328,7.44143,0.318129,1.20065,9.60777,1.0757,0.356317,9.66699,7.3478,9.95156,9.61368,8.94762,0.36106,2.11863,3.52922,9.91113,2.97656,0.362793,0.833633,8.95245,0.426384,8.2498,9.3574,0.822232,8.8543,0.437497,6.01066,0.477675,9.65541,0.453668,3.49066,0.282481,9.10177,0.423713,0.387607,9.37801,9.6301,0.59096,7.95759,1.25672,0.627251,7.67702,1.83238,
0.496591,0.344316,0.754037,9.56035,0.376112,0.794168,0.399195,9.17014,7.32698,0.827599,0.744259,9.78828,1.17822,0.372431,9.80471,8.25689,9.9043,9.92352,8.94297,0.379004,2.33295,3.3678,9.52642,2.7248,0.410124,0.411375,9.03508,0.820363,7.69855,9.63797,0.373765,9.04166,0.8176,6.51684,0.514422,9.19834,0.728711,3.2405,0.313612,9.49897,0.463468,0.345182,9.5945,9.80514,0.781548,8.68012,1.77113,0.746713,7.54012,1.18214,
0.39926,0.392937,0.4214,9.64441,0.356196,0.323103,0.40754,8.86393,8.12882,0.405931,1.27137,9.91598,0.744521,0.361544,9.95396,8.4949,9.89567,9.90919,9.25309,0.414047,2.23689,3.19847,9.51754,2.67284,0.363439,0.901556,8.58773,0.408974,8.13764,9.21039,0.454192,8.98224,0.776022,6.30393,0.385908,9.35102,0.356124,3.91331,0.380205,9.88517,0.448162,0.334532,9.72007,9.84124,0.778086,9.28668,1.67622,1.32013,7.08724,1.02806,
0.435769,0.454418,0.377113,9.92935,0.454583,0.731675,0.342865,8.40353,7.8522,0.870898,1.25,9.97558,0.727998,0.356715,9.99608,8.45869,9.9833,9.8017,8.75624,0.41384,2.25836,2.93034,8.96718,2.57237,0.403497,0.913514,8.12618,0.35918,7.77359,9.17752,0.759948,8.86318,0.716678,6.13788,0.352204,9.49644,0.422856,3.97552,0.465838,9.84742,0.677038,0.437629,9.76527,9.80721,0.779183,9.20355,1.70198,0.773137,7.16078,0.72241,
0.402282,0.431156,0.351768,9.82306,0.413531,0.742671,0.41287,8.39125,7.67935,0.744921,0.944772,9.86505,0.860075,0.402837,9.93761,8.78442,9.82067,9.91464,9.04461,0.370149,1.8205,2.32498,9.22801,3.10821,0.412039,0.680367,8.41326,0.423058,7.28028,9.05738,0.435578,8.8119,0.813388,5.549,0.381723,9.96552,0.54172,3.52954,0.425421,9.80057,0.400177,0.492747,9.66518,9.8362,0.600563,9.39703,2.09053,0.8967,7.28622,0.892106,
0.330436,0.407244,0.368829,9.91819,0.531439,0.400625,0.446421,8.38385,7.59044,1.55806,0.474312,9.98571,0.844,0.420203,9.80335,8.29744,9.73569,9.91898,9.14386,0.410688,2.08921,2.16548,9.81947,3.13194,0.459538,1.30586,9.00696,0.503159,7.44498,9.08137,0.274701,9.14274,1.17204,5.57525,0.425589,9.75718,0.370679,3.55738,0.374972,9.54906,0.463772,0.470992,9.36056,9.85474,0.434928,8.89606,1.89058,0.36094,7.24899,0.852104,
0.387964,0.402676,0.453411,9.77558,0.392114,0.433635,0.405136,8.19535,7.4222,1.94503,0.46016,9.99305,0.76572,0.388319,9.89342,8.1827,9.75198,9.8771,8.7989,0.397027,1.73225,2.65395,9.70268,2.93512,0.445766,0.744275,9.11853,0.823711,7.65343,9.29872,0.415221,8.92694,0.867651,5.91415,0.330732,9.74927,0.720265,4.10952,0.436578,9.35156,0.421764,0.397159,8.90028,9.86189,0.716232,9.4255,1.65859,0.460419,6.91696,0.41742,
0.366541,0.36742,0.410121,9.73507,0.360248,0.348396,0.76034,8.54519,7.3559,1.70202,0.834087,9.6867,0.727005,0.394619,9.77131,7.6653,9.75616,9.7151,8.89341,0.786064,1.78731,2.78063,9.69631,2.60176,0.518323,0.750707,9.57437,0.461547,8.11855,9.10752,0.467609,9.0303,0.507348,5.61322,0.496244,9.48756,0.507631,4.08427,0.49678,9.82774,0.388093,0.485384,9.16274,9.53033,0.392109,9.11415,1.72697,0.370392,8.11749,0.439643,
0.431359,0.311599,0.410724,9.74089,0.513261,0.434917,0.447283,9.79002,7.81151,1.81352,0.318012,9.93987,0.814665,0.339509,9.73805,8.59052,9.3997,9.73172,8.89747,0.408722,1.27629,2.48192,9.76498,2.93662,0.410657,0.704383,9.11376,0.346188,7.84475,8.95463,0.379245,8.80635,0.481311,5.77411,0.394164,9.18253,1.17294,3.66723,0.404106,9.76065,0.413837,0.325142,9.49556,9.5897,0.808734,9.19505,1.66412,1.25286,8.103,1.38653,
0.472558,0.43645,0.322819,9.70565,0.405555,0.418104,0.404044,9.8022,7.61632,1.95104,1.22274,9.95263,0.673184,0.389646,9.9378,9.04033,9.6417,9.5896,8.81563,0.393035,1.13275,2.44931,9.6946,2.44064,0.432109,0.447683,9.26073,0.356823,7.63412,9.42517,0.437847,9.12225,0.79015,5.46168,0.350683,9.91211,1.22756,3.78113,0.718738,9.78833,0.431993,0.382796,9.67187,9.49118,1.20201,8.66713,1.49334,1.15815,8.61769,0.908399,
0.395753,0.418318,0.351856,9.66784,0.345299,0.74235,0.32153,9.74193,7.68822,1.784,1.14329,9.60218,0.787222,0.251776,9.74315,9.09608,9.77933,9.9475,8.87746,0.352286,0.68041,2.36319,9.29017,1.90902,0.401486,1.05845,9.01167,0.521126,7.6161,9.91751,0.500668,8.59131,0.734098,5.51684,0.427904,9.71061,0.885523,4.17782,0.363797,9.89087,0.394089,0.382185,9.20433,9.90143,0.867711,9.03221,2.05616,0.795954,8.24638,0.38798,
0.581152,0.364827,0.720852,9.86064,0.402041,0.3257,0.458666,9.75687,7.46626,1.57875,1.99158,9.66107,0.769565,0.382102,9.95652,8.5544,9.97493,9.79708,8.84223,0.392441,1.02375,2.17508,9.06719,2.02813,0.40525,1.00699,9.11751,0.376213,7.21269,9.94047,0.722765,8.41348,0.39994,5.57012,0.355828,9.77182,0.37103,4.67206,0.31767,9.67227,0.340801,0.478627,9.12663,9.52875,0.408584,9.17826,2.01933,0.877746,8.31736,0.742535,
0.453321,0.360549,0.398649,9.92181,0.327818,0.4246,0.396499,9.85839,7.52709,1.18942,1.49502,9.67685,0.379854,0.302273,9.90293,9.29074,9.6965,9.73329,8.74638,0.417945,1.56221,2.21874,9.23669,1.95878,0.3701,0.731869,8.86429,0.439713,7.09269,9.91459,0.413557,8.49542,0.801893,5.62042,0.429567,9.83991,0.415336,5.31556,0.363424,9.4869,0.406355,0.396121,9.8249,9.96939,0.395912,9.34417,2.61761,0.249137,9.0269,0.906766,
0.445166,0.409465,0.449508,9.93413,0.28122,0.737599,0.398666,9.46573,7.64147,1.22955,1.55845,9.99147,0.386375,0.287001,9.7014,9.92587,9.66538,9.67023,8.72521,0.776549,1.0526,1.86877,9.22547,1.89113,0.365389,0.483626,9.11276,1.2986,7.12463,9.89067,0.86217,9.04283,0.426129,6.05401,0.353806,9.49772,0.481051,5.4686,0.338801,9.82184,0.515308,0.509979,9.60817,9.9454,0.458629,8.92235,2.54967,0.827085,8.95114,0.384566,
0.365988,0.340004,0.682362,9.85345,0.41672,0.857332,0.33881,9.44677,7.60111,1.15274,1.26267,9.64818,0.87884,0.35822,9.75979,9.37986,9.69313,9.82822,9.02309,0.294465,0.731545,2.17783,8.73773,2.80803,0.39639,0.408731,9.12531,0.770876,6.91675,9.96579,0.385719,9.1386,0.362183,5.84077,0.370226,9.48433,0.474805,5.49611,0.387796,9.42951,0.370546,0.35944,9.45538,9.60187,1.5584,8.6518,2.01371,0.44484,9.21193,0.907164,
0.414622,0.343217,0.48794,9.8637,0.411131,0.396216,0.414942,9.53728,7.63709,0.989122,1.24639,9.98166,1.51963,0.42467,9.90597,9.49407,9.72806,9.73163,9.00936,0.356917,1.27001,2.11104,8.53711,2.45347,0.257006,0.40855,9.05953,0.817091,7.85074,9.85439,0.387101,9.1334,0.7257,5.54341,0.81967,9.93186,0.2721,5.49375,0.900195,9.84092,0.647517,0.385184,9.68806,9.69305,1.26186,8.56624,2.57466,0.407022,8.66138,1.23988,
0.435527,0.405316,0.380779,9.84426,0.356081,0.369041,0.374332,9.60739,7.52684,0.454021,0.70419,9.74888,1.52036,0.307442,9.81261,9.65813,9.63934,9.64776,8.98976,0.362098,1.11562,1.88944,8.71325,2.80852,0.533939,0.355167,9.56274,0.406094,8.2767,9.9893,0.389136,8.91973,0.425729,5.32663,0.316493,9.44699,0.792863,5.08633,0.378603,9.47089,0.403379,1.12892,9.79331,9.68043,0.803387,8.93705,2.1066,0.508831,8.19949,0.73641,
0.410255,0.374431,0.340193,9.89621,0.440635,0.974813,0.40835,9.68839,7.56521,0.421603,0.859968,9.62669,1.51791,0.325058,9.97485,9.76184,9.79791,9.86275,8.92548,0.399636,1.2028,2.27223,8.3437,2.48244,0.399472,1.33197,9.2245,0.349648,8.74201,9.98868,0.294561,9.12546,0.430014,5.30905,0.444763,9.36917,0.728374,4.76081,0.330337,9.75718,0.361469,0.937937,9.71238,9.582,0.440554,8.78775,1.88364,1.11128,8.52928,1.34007,
0.388477,0.431842,0.39395,9.5806,0.255803,0.268864,0.760548,9.48005,7.42961,0.514735,0.452979,9.85801,1.20196,0.34258,9.73459,9.38299,9.87153,9.74245,9.14742,0.346918,1.1229,2.28821,8.34616,2.54955,0.382411,1.18155,8.83649,0.631838,9.05726,9.69287,0.584961,9.2205,0.426461,5.42828,0.443683,9.35588,0.640095,4.84655,0.423501,9.963,0.784636,0.610229,9.82118,9.43951,0.911526,9.09456,2.82324,0.827253,9.00561,0.840844,
0.372704,0.413363,0.430653,9.73387,0.396376,0.359219,0.4379,9.30117,7.51151,0.442722,1.10805,9.76801,0.768985,0.312457,9.77,8.94701,9.99533,9.65815,9.21299,0.44312,1.60154,1.83819,8.48183,2.58558,0.449242,0.785552,9.0949,0.863456,8.99938,9.48917,0.408121,8.8876,0.414526,5.02495,0.421271,9.77553,1.15974,5.02205,0.319644,9.71247,0.761882,0.824139,9.40535,9.82706,1.30929,8.58159,2.47802,1.29283,8.98317,0.819706,
0.439097,0.376471,1.19235,9.90809,0.40907,0.628024,0.345208,9.35777,7.85047,0.931725,1.3132,9.67954,1.30419,0.347241,9.76624,8.87231,9.72593,9.62703,8.93392,0.352052,1.88577,2.1797,7.88269,2.5265,0.43762,0.782565,9.12554,0.38936,9.09483,9.37409,0.405757,8.90561,0.461832,4.9677,0.332072,9.97918,0.785348,4.76902,0.853055,9.70977,0.451453,0.33541,8.96064,9.79952,0.731413,8.33311,2.22036,1.1737,9.03943,0.74531,
0.421371,0.35423,1.43175,9.77316,0.33743,0.301998,0.390579,9.34381,7.81401,0.481902,1.28364,9.98159,1.05048,0.448706,9.94988,8.82622,9.73787,9.55275,8.79416,0.417118,2.20767,2.29709,7.60186,2.94832,0.42139,0.281728,9.05151,0.431463,9.16849,9.39552,0.829283,8.82046,0.997676,5.4119,0.411289,9.90174,0.55602,4.66359,0.375646,9.60062,0.408573,0.655536,9.72649,9.29029,0.783772,9.39508,1.71355,1.27209,9.01493,0.30405,
0.37467,0.427036,1.32852,9.83175,0.409131,0.431743,0.431197,9.72293,7.85499,0.387415,0.944998,9.92255,0.654503,0.510263,9.972,9.77218,9.59436,9.61856,8.97063,0.367049,2.36547,2.69705,7.72566,2.95271,0.321519,0.420443,9.50914,0.423045,9.0925,9.30061,0.619737,8.96926,0.503494,4.8463,0.355511,9.41548,0.895869,4.2403,0.355574,9.59807,0.337601,0.465875,9.70271,9.67246,1.09906,9.23885,1.96133,1.40072,9.12163,0.860362,
0.340942,0.379878,0.901899,9.92862,0.388505,0.743837,0.476937,9.78387,7.92066,0.439471,0.821555,9.88344,0.33209,0.308892,9.65002,9.33512,9.87138,9.71596,9.03141,0.420534,2.09198,2.42501,7.95931,2.85132,0.43094,0.903952,9.17423,0.387837,9.19288,9.73342,0.422913,9.02275,0.182781,4.55087,0.391771,9.74964,0.815921,3.98209,0.740997,9.80761,1.00418,0.417,9.9584,9.67606,1.2849,8.84854,2.38303,1.31013,8.76722,0.42604,
0.324974,0.340151,0.421759,9.38141,0.484381,0.807626,0.465966,9.98326,8.31171,0.795779,0.447417,9.88108,0.625477,0.434309,9.81001,9.58473,9.70635,9.84075,9.0766,0.403422,2.50679,2.7344,8.30803,3.61311,0.423614,0.422575,9.47315,0.46491,9.03888,9.31493,0.298668,8.96152,0.393576,4.53827,0.349951,9.85166,0.422182,4.19702,0.345896,9.80376,0.843759,0.332403,9.65094,9.64005,1.1251,9.45783,2.72491,0.84204,8.87502,0.487234,
0.367794,0.290763,0.311696,9.87873,0.326593,0.361221,0.412074,9.57096,8.44731,0.64625,1.35838,9.87512,1.02031,0.447493,9.91414,9.9529,9.37221,9.7205,8.99945,0.377263,2.38384,2.35276,8.29741,3.54228,0.457587,1.26944,9.14299,0.972685,9.41398,9.27772,0.440898,8.83547,0.719189,4.84871,0.45132,9.96465,0.611809,3.97519,0.358504,9.98361,0.47779,0.4144,9.49569,9.60989,0.740576,9.03386,2.52329,0.816716,8.4833,0.434644,
0.444443,0.37413,0.415643,9.88229,0.374043,0.492156,0.492495,9.52816,8.86915,0.430533,0.961939,9.63028,0.882997,0.441137,9.9125,9.62542,9.79065,9.78643,8.90063,0.44015,1.9485,2.28009,8.60595,3.17802,0.445635,0.784789,9.10634,0.38162,8.85831,9.08257,0.389345,8.78415,0.999698,4.82254,0.377761,9.92883,0.400783,4.68116,0.409533,9.6835,0.41678,0.71093,9.08906,9.64165,0.828175,9.08999,3.0799,1.15088,8.83776,0.449049,
0.476716,0.467599,0.396825,9.84466,0.470142,0.355556,0.362738,9.81845,8.85741,0.457995,1.67495,9.96478,0.734664,0.332368,9.97594,9.98872,9.91241,9.74669,9.1536,0.411726,2.46006,2.53966,9.62045,2.77611,0.508019,1.53976,8.95605,0.376429,8.75054,9.40756,1.14205,9.04749,0.388081,4.83733,0.360909,9.97451,0.259938,4.35272,0.395701,9.72577,0.350303,0.36167,9.01125,9.0793,0.753316,8.9837,2.67186,0.743649,8.99668,0.87858,
0.373204,0.424189,0.36977,9.88354,0.358611,0.33695,0.381927,9.75893,8.8503,0.396233,1.06641,9.91365,1.39276,0.311701,9.93887,9.84692,9.53256,9.69179,9.14259,0.422877,3.02969,3.06399,9.9786,2.36092,0.463736,1.26656,8.49895,0.328871,9.59599,9.52684,0.686905,9.35187,0.488872,5.25456,0.410363,9.65132,0.436708,4.34876,0.365116,9.67584,0.760234,0.827734,9.02401,9.5658,0.427684,9.03476,2.7048,0.400506,9.03857,0.773285,
0.44692,0.428338,0.473573,9.89552,0.327546,0.304844,0.436204,9.69381,8.73825,1.61472,0.6732,9.85341,2.07477,0.341554,9.75634,9.80674,9.02517,9.80797,9.51625,0.428277,2.42982,3.08333,9.87047,1.9262,0.275595,1.28186,9.12755,0.322208,9.04689,9.52469,0.483345,8.83573,0.4454,5.70618,0.454305,9.21721,0.514804,4.49238,0.478036,9.66087,0.410607,0.315695,9.73195,9.39382,0.825417,8.5728,2.77898,0.38909,9.03164,0.818406,
0.389479,0.434611,0.506403,9.8254,0.338133,0.299474,0.454961,9.70354,8.62825,1.277,0.592698,9.8788,2.43241,0.362675,9.72378,9.91821,9.71256,9.91189,9.18268,0.44734,1.9588,2.52014,9.84639,1.83313,0.583126,1.7046,9.69931,0.274355,9.54473,9.11239,1.16212,8.43107,0.714988,5.6845,0.438705,9.65889,0.398117,3.97879,0.445389,9.99161,0.382777,0.335352,9.63086,9.20456,0.451932,9.00585,2.84509,0.889908,9.0998,0.738785,
0.551274,0.483796,0.461744,9.74771,0.35967,0.414928,0.410272,9.39309,8.42687,1.19297,0.702192,9.90374,1.98531,0.334686,9.72476,9.65746,9.9908,9.60233,9.0461,0.484377,1.73562,2.30265,9.63013,1.52159,0.412299,1.59386,9.74171,0.376257,8.95366,9.84121,1.23045,8.79488,0.310508,5.75502,0.43653,9.74839,0.286163,3.9287,0.845206,9.84554,0.355666,0.395183,9.66735,9.93182,0.317476,9.36768,2.5266,0.394513,8.68607,1.16952,
0.480357,0.423882,0.410557,9.63468,0.405441,0.894115,0.398309,9.75284,8.40949,0.867602,1.22636,9.93519,1.65538,0.415375,9.73522,9.30086,9.59215,9.93636,9.01879,0.467586,1.60441,2.49989,9.72468,1.47987,0.341348,1.45294,9.33445,0.380665,8.79859,9.6847,0.82259,8.85495,0.767387,6.27081,0.686753,9.98948,1.01761,3.53147,0.3677,9.68178,0.990295,0.387725,9.65208,9.51114,0.715193,9.15359,2.10217,0.380375,8.79753,1.93157,
0.348308,0.33407,0.462147,9.76609,0.389262,0.35222,0.498461,9.82107,8.36862,0.863474,0.870686,9.99958,2.44967,0.32855,9.82671,9.11538,9.91309,9.65307,9.53775,0.332046,2.25693,2.0907,9.82119,1.21377,0.459947,1.14484,8.82331,0.345053,8.3807,9.78755,0.369037,8.80483,0.425116,6.24128,0.41076,9.77323,0.95469,4.14871,0.822675,9.66898,0.402956,0.478707,9.37893,9.8772,0.80644,9.04819,1.61261,0.406329,9.23475,1.93272,
0.362883,0.372194,0.399109,9.4054,0.435255,0.355177,0.479054,9.73809,8.31151,0.424111,0.679484,9.8424,2.03998,0.372874,9.89535,9.54046,9.90345,9.67482,9.24165,0.700643,2.68399,2.16172,9.90401,1.73706,0.439021,1.6108,9.153,0.382038,8.29016,9.77398,0.394044,9.20574,0.800497,6.28254,0.350138,9.76663,0.310439,3.66655,0.893342,9.68487,0.316954,0.835301,9.66164,9.92523,0.299375,8.646,1.05899,0.357724,9.15362,1.52588,
0.474223,0.42622,0.392779,9.89639,0.39827,1.11712,0.411912,9.80505,8.39072,1.27869,0.69221,9.59412,2.34982,0.328549,9.78362,9.38427,9.92804,9.71506,8.96873,0.415188,2.36267,1.67958,9.97458,1.53276,0.459371,1.20312,8.81593,0.452094,8.09844,9.81411,0.90965,9.23714,0.363245,6.97139,0.284926,9.59755,0.333378,3.68175,0.522124,9.66343,1.05733,0.439559,9.73982,9.78239,1.28257,8.83266,1.05247,0.457887,8.69358,1.30691,
0.452295,0.455642,0.812822,9.97573,0.495492,1.1818,0.42566,9.9019,8.19211,0.811819,1.00198,9.99429,1.93228,0.424932,9.68919,9.41066,9.8889,9.46964,9.02983,0.300909,2.69317,2.49217,9.90891,1.52261,0.422863,0.767709,9.33243,0.359857,9.11486,9.78984,0.287545,8.85407,0.360917,7.05746,0.41951,9.1842,0.477712,3.77433,0.379443,9.74001,0.835289,0.423727,9.85393,9.84195,1.30966,9.57227,1.75483,0.360138,8.36207,0.903975,
0.44965,0.429509,0.694667,9.83261,0.412472,0.673658,0.47773,9.87457,8.33297,0.669351,1.76356,9.63915,1.42308,0.32518,9.78373,9.02319,9.58812,9.53413,9.19392,0.899241,3.11063,2.33156,9.96352,1.51865,0.398119,1.31331,9.1733,0.388592,9.03519,9.50325,0.714456,8.97997,0.394161,7.10716,0.310614,9.15269,0.447465,3.61302,0.778214,9.97396,0.86342,1.16162,9.7099,9.75013,1.20779,9.00783,1.7028,1.04448,8.2862,0.821128,
0.4368,0.444053,0.308186,9.71515,0.348262,0.715328,0.429533,9.80566,8.25982,1.90117,2.05789,9.9478,1.08533,0.375548,9.75832,8.60807,9.89806,9.50735,9.21351,0.351049,2.61203,3.26935,9.90202,1.08601,0.471752,2.56731,9.35625,0.456311,9.02759,9.4641,0.374377,9.0657,1.27343,6.6482,0.809143,9.66569,0.337522,3.85848,0.335785,9.73525,0.424883,0.8381,9.82754,9.98873,0.741339,9.51525,1.97174,1.17797,8.20938,0.796067,
0.286262,0.312543,0.397517,9.89715,0.36587,0.732776,0.347311,9.89271,8.446,2.41582,1.49906,9.94334,1.50392,0.388282,9.92791,9.01839,9.84063,9.45351,9.17589,0.83766,2.22329,2.81901,9.98781,0.739839,0.417755,2.01224,9.34722,0.495478,8.71193,9.92859,0.458184,8.98951,0.776427,6.94642,0.312134,9.69031,0.396474,3.90733,0.362887,9.8061,0.401733,0.303337,9.81077,9.63875,0.353146,9.12438,1.445,0.897482,9.07688,0.772386,
0.371507,0.434289,0.350602,9.85433,0.399983,0.402343,0.445328,9.95692,8.95293,1.89238,1.43993,9.96264,2.02261,0.452857,9.91339,9.69058,9.92719,9.50506,9.13389,0.403936,2.75039,2.90891,9.84933,0.4462,0.483814,1.68423,8.98308,0.382299,8.53988,9.99926,1.05946,8.84558,0.362426,7.41492,0.424397,9.74851,0.405776,4.15766,0.380199,9.86889,0.345558,0.367692,9.7587,9.6197,1.30694,9.13473,1.64235,0.723083,8.60695,1.12857,
0.408722,0.353202,0.84923,9.93903,0.277498,0.885489,0.369546,9.56163,9.51684,1.69591,1.56984,9.89807,2.05882,0.351815,9.88476,9.77849,9.96315,9.47549,9.15612,0.766299,2.53427,3.12705,9.81491,0.823532,0.443236,2.03724,8.94854,0.368665,9.00687,9.92665,0.655035,8.99255,0.408044,8.24985,0.394645,9.84502,0.739054,3.50587,0.414932,9.95942,0.352371,0.414111,9.87465,9.54569,0.76994,9.51172,1.70655,0.381393,8.07996,1.44524,
0.429733,0.390871,0.380745,9.88909,0.474037,0.442749,0.43237,9.69668,9.55222,1.41508,1.21681,9.96565,2.73074,0.415468,9.67737,9.93679,9.63106,9.80299,9.08128,0.412404,2.64582,2.79669,9.7376,0.32084,0.363947,1.64228,9.01915,0.379233,8.43164,9.67448,0.458728,9.12954,0.419459,7.80541,0.313175,9.64353,0.381695,4.36305,0.788537,9.49314,0.445521,0.28023,9.46757,9.66402,0.304168,9.22647,1.49703,0.843459,8.38807,2.03753,
0.476694,0.384589,0.911955,9.94126,0.252298,0.351484,0.774104,9.38415,9.52028,1.90894,1.15837,9.98602,2.35503,0.349611,9.61699,9.60896,9.93697,9.74451,8.99923,0.393192,2.57864,3.21809,9.69454,0.494981,0.515122,2.13756,9.03395,0.361623,9.30538,9.16721,0.394803,9.02845,0.398432,7.56687,0.326145,9.61231,0.793695,3.8859,0.485163,9.59179,0.79693,0.514577,9.02304,9.9384,0.729882,8.92578,1.63999,0.725446,7.85184,1.85509,
0.438335,0.433946,0.877146,9.90445,0.419341,0.696854,0.293747,9.32599,9.38701,2.497,1.55696,9.78456,2.33489,0.455704,9.68549,9.59569,9.74398,9.79798,9.03062,0.368047,2.65745,2.75929,9.76754,0.754107,0.418068,2.48055,9.50656,0.513681,9.03592,9.5312,0.513623,8.94082,0.242448,7.027,0.385847,9.66599,0.494195,3.87255,0.251023,9.60554,0.361994,0.869848,8.86859,9.771,0.354521,9.09324,1.50189,0.534068,7.99931,1.56231,
0.287914,0.404309,0.308868,9.79647,0.460901,0.782033,0.33237,9.25689,9.43683,2.02602,1.29857,9.77891,2.21269,0.365721,9.62966,9.9517,9.85059,9.62453,9.00082,0.427853,2.23953,2.29305,9.96583,1.74584,0.363397,2.34829,9.17223,0.798029,9.14162,9.00238,0.420438,9.00121,0.322332,7.414,0.288731,9.45581,0.419037,4.11466,0.403003,9.87698,0.33665,0.388982,9.5406,9.46659,0.387652,8.87001,1.38728,0.932422,8.49477,1.0966,
0.449384,0.492831,0.556385,9.64073,0.350776,0.78439,0.438783,9.32023,9.76081,1.66684,0.894251,9.89443,1.80626,0.309735,9.66495,9.90385,9.86676,9.71352,9.20107,0.393913,2.11948,2.04444,9.79161,1.76884,0.358882,2.82341,9.112,0.372532,9.06437,9.01414,0.453144,8.8499,0.840424,6.94206,0.43017,9.39451,0.428014,4.20818,0.79142,9.76536,0.359696,0.763126,9.52071,9.59435,0.378165,9.04447,1.6496,0.664122,8.27517,0.794998,
