0.182456,0.144427,0.127571,0.223567,0.193349,0.184403,0.323328,0.180478,0.217624,0.224646,0.223279,0.216131,0.195108,0.216735,0.211635,0.260381,0.187219,0.226345,0.195391,0.176169,0.154182,0.159891,0.0963903,0.221949,0.183375,0.279499,0.240389,0.227805,0.141117,0.15997,0.214761,0.203606,0.183995,0.233243,0.183563,0.169017,0.182359,0.187962,0.209662,0.224989,0.224259,0.2789,0.196718,0.288224,0.155163,0.221866,0.195877,0.223388,0.197403,0.242179,
0.394279,0.403551,0.322785,0.343986,0.181196,0.530343,0.244755,0.2446,0.499408,0.21921,0.210256,0.22275,0.210731,0.671466,0.45347,0.800484,0.177621,0.41484,0.159608,0.212465,0.166742,0.55665,0.321953,0.385536,0.353026,0.222727,0.187497,0.399377,0.455942,0.647795,0.535738,0.196807,0.427985,0.394526,0.365571,0.218254,0.222457,0.159882,0.233381,0.403533,0.39573,0.399157,0.678294,0.733144,0.48078,0.465668,0.307223,0.182167,0.615608,0.370819,
0.406454,0.355205,0.399512,0.898639,0.655947,0.257078,0.427164,0.474957,0.178814,0.580523,0.662654,0.884372,0.220414,0.741512,0.43459,0.410576,0.579248,0.625929,0.542012,0.808152,0.158638,0.379978,0.252822,0.644698,0.387711,0.370757,0.291133,0.836802,0.387943,0.691263,0.468138,0.817984,0.971665,0.226163,0.409702,0.612194,0.203552,0.495624,0.257921,0.331446,0.657487,0.977832,0.610008,1.08712,0.456809,0.869621,0.883146,0.599567,0.896263,0.297003,
0.666234,0.54063,0.698473,0.328367,1.11291,0.443798,0.557632,0.855049,0.345902,1.15166,0.403888,1.00303,0.8293,1.01137,0.453759,0.837038,0.804078,0.81392,0.293715,0.804645,0.797926,0.644382,0.447363,0.201522,0.478184,1.27583,0.790028,0.778912,0.475924,0.404282,0.710902,0.469248,0.649478,0.659355,0.692446,0.450127,0.890078,0.745139,0.404653,1.01202,0.388271,0.804827,0.404889,1.43369,1.04087,0.706096,0.812141,0.857771,0.804389,0.797148,
0.213877,0.536027,0.908277,0.787236,0.861718,0.724293,0.840343,0.930495,0.798849,1.48025,0.827773,1.10421,0.563345,0.769458,1.19605,1.361,0.137665,0.723786,1.25626,0.639475,0.898437,0.639669,1.17649,0.915527,0.62527,0.953485,0.489805,0.590102,1.01394,0.804778,0.698762,0.608767,0.78823,0.405713,1.13035,0.965633,0.784148,0.890696,0.978369,1.06273,0.367372,0.875687,0.645493,1.41775,1.07547,0.748426,0.964761,1.05,0.942517,1.01559,
0.628785,0.879829,1.0006,0.743521,0.627591,1.31314,0.652896,1.05182,0.962691,1.22522,1.21997,1.43289,1.06507,1.03924,0.924612,0.908884,0.752639,1.22375,1.34574,0.711038,1.06116,1.34681,0.713312,0.829329,0.721671,0.57803,0.777195,0.626456,0.846455,0.80147,1.03209,0.616638,0.572431,0.845353,0.765028,0.804764,1.41581,0.928941,0.880709,1.52549,0.755637,1.01866,1.28003,1.52456,0.755751,0.708059,0.765881,0.982484,0.878596,1.23585,
1.23985,1.16729,1.14929,0.956595,0.425195,1.00507,1.25459,1.27381,0.812425,1.72832,1.1284,1.72087,1.34176,1.33662,1.04964,1.02587,1.13885,0.7885,1.24655,1.20174,0.898026,1.41825,1.44085,0.892948,0.916694,1.00353,1.01284,1.19208,0.317265,0.21925,0.962395,0.825872,1.62868,0.991146,1.06095,1.06491,0.733614,1.04174,0.97618,1.50571,0.810261,1.37268,1.45435,1.4815,1.12459,0.782597,0.466216,0.587766,0.451164,1.41891,
1.37045,0.860195,0.630693,1.10823,0.892618,1.61661,0.762544,1.44294,1.29821,2.11389,1.4308,1.77459,1.1189,0.981845,1.30212,1.53375,1.51472,1.13939,1.33897,1.32162,0.533133,1.166,1.55311,0.767537,0.88099,1.69133,0.791518,0.649624,1.02752,0.775278,0.409826,0.786132,1.70769,1.0469,1.21587,1.40105,1.2361,1.62172,0.483125,1.65133,1.10475,1.46195,1.24642,1.36616,0.974841,0.876681,1.21525,0.607218,0.916382,1.20676,
1.12363,1.00885,0.669915,1.30776,0.541056,1.91183,1.09991,1.49222,1.00652,2.50718,2.16062,1.87336,1.28264,0.76276,1.19363,1.17458,1.58845,1.53287,1.16859,2.04879,0.852133,0.925294,1.20595,0.946053,1.00928,1.92878,0.826668,0.966761,0.689608,0.648008,1.57531,0.518208,1.82429,1.04387,0.938876,1.69246,1.15583,2.39187,1.10005,1.39743,0.880137,1.281,1.83464,1.51161,0.665623,0.469711,1.35768,0.972972,1.10256,1.40184,
0.932831,0.992482,1.06915,1.96877,0.785572,2.64916,1.16901,1.35914,1.21548,2.37826,1.71415,1.96617,1.16954,0.947464,1.90739,1.06624,2.42283,1.19673,1.02696,1.93688,1.30714,0.615935,1.17886,1.1068,0.615778,1.91509,0.772627,1.11866,1.36177,0.940436,1.43178,0.479164,1.85938,1.1707,0.986923,1.62419,0.676461,2.76946,1.52092,1.71059,1.08986,1.89775,1.29486,0.886555,1.04695,0.807676,1.48513,1.06324,0.824374,2.16345,
0.50907,0.645183,1.28122,2.65369,1.51137,2.78403,0.844734,1.45835,1.16956,2.54767,2.00515,2.07924,1.1704,1.00388,1.79755,1.27831,2.3462,1.42258,1.34732,2.10355,1.64725,1.03205,0.939367,1.3222,1.09761,2.07633,0.589128,0.632144,1.55447,1.28437,1.90781,1.2404,1.39608,1.03667,0.609765,2.33638,1.32731,1.99529,1.34582,1.68427,1.25612,2.21631,1.55553,0.971038,1.03264,0.841714,1.73015,1.13783,1.11035,2.44531,
0.680992,1.64989,1.26357,2.21432,1.50049,2.9134,1.33221,2.15997,1.59689,2.83476,1.98129,1.80448,1.28763,0.86199,1.71985,1.32365,2.65157,1.66418,1.61224,1.78538,1.95162,1.26875,0.796091,1.41358,1.1886,1.66418,1.01397,0.603112,1.50921,1.26068,2.11574,1.8846,1.49084,1.36021,0.469007,1.91846,1.34101,2.27878,1.71766,2.05237,0.760054,1.45421,1.61075,0.420844,1.65114,1.47353,1.44523,1.0545,1.06764,2.5165,
0.808012,1.16516,1.68883,2.07537,1.56806,3.42317,0.739605,2.17549,2.24717,2.66444,2.40182,1.96805,1.56647,0.840652,2.389,1.27507,2.54299,2.03088,1.24853,1.71526,2.28542,0.943611,0.912925,1.23846,1.08234,1.76504,1.67929,1.24844,1.59533,0.932857,1.55907,1.67969,1.48575,1.00612,1.59632,2.12744,0.761167,2.46868,2.03558,1.70465,0.722172,1.38551,1.47879,0.803144,2.23992,1.11084,1.25731,1.4844,0.978588,3.53444,
0.544622,1.50746,1.50602,2.54795,1.90234,3.60159,0.954009,2.5933,2.489,2.98378,2.36215,1.78195,1.02693,0.48124,2.32908,0.850477,2.7725,2.70509,1.57873,1.95358,2.07835,0.852436,0.764232,1.53967,1.25633,1.40086,1.81445,1.26252,1.48166,1.51302,1.74967,1.75556,1.50685,1.5678,1.44476,2.07648,1.17784,2.20074,1.74929,2.02136,1.2616,1.17232,1.99572,1.05844,2.28615,1.53116,0.958326,1.56616,0.752726,4.11159,
1.21003,1.82068,1.36475,2.66636,1.88048,3.80071,1.09493,2.86388,2.54348,3.15172,2.56989,1.2775,1.33441,1.09069,2.76717,0.86359,2.86796,2.36234,0.976462,2.40971,1.78083,1.18306,0.75183,1.56338,1.37394,1.40651,2.10911,1.30643,1.13367,1.31186,1.68643,1.99171,1.93639,1.35425,1.45519,2.28685,1.06321,2.32163,2.04524,1.99215,0.876446,1.60838,2.33335,1.05765,1.7088,1.79577,0.648856,1.42151,0.906393,4.03556,
1.36681,1.54631,0.994418,2.52435,2.2593,3.9429,1.60382,3.05959,3.14848,3.64345,2.5089,1.43497,1.49511,1.28906,3.56599,0.420338,2.58825,2.3544,0.894739,3.00249,1.73247,1.60641,0.723609,1.57661,1.45825,1.20979,2.30731,1.65876,1.17976,1.34762,1.51471,2.43287,1.76197,1.57989,1.25714,2.37034,1.51354,2.64563,2.54653,1.51271,0.928838,1.85734,2.48451,1.70102,1.51561,1.80059,0.767309,1.91364,1.14314,4.29084,
0.652824,2.22932,1.44214,2.74631,2.49607,3.8992,1.63843,3.47534,3.42396,3.46883,2.99923,1.71071,1.36989,0.983869,3.5576,0.957402,2.66662,2.12055,1.0584,3.23826,1.51907,1.57822,0.754031,1.98041,1.57006,0.796738,1.87303,1.66736,1.22563,1.47284,1.44207,2.41864,1.74933,1.63126,1.51892,2.68491,1.39352,2.66292,2.352,1.46294,0.994982,1.70339,2.55894,1.97431,1.86593,1.69118,0.818665,1.64253,0.892554,4.62688,
0.446678,1.9594,1.3831,3.14486,2.51389,4.10766,1.77689,3.48566,3.33599,3.42397,3.64393,1.98825,1.83129,0.737256,3.25141,0.606864,2.53579,2.57904,0.793392,3.59078,1.86282,1.67615,0.914545,1.8978,1.67364,1.05499,1.61407,1.62218,1.45331,1.4856,1.51624,2.28392,2.0632,1.69201,1.35474,2.8016,1.49896,3.02193,2.16145,1.39652,1.3164,1.62313,2.30646,2.50055,1.67016,1.92127,1.29422,2.04484,0.569259,4.86596,
1.1978,2.22673,1.10337,2.82224,2.22473,3.96908,1.94243,3.76237,3.02834,4.14286,3.47774,1.95124,1.51855,0.758815,3.24641,1.27517,2.7236,2.45762,0.177003,3.34301,1.43673,2.0868,1.3968,1.96858,2.08641,0.920801,1.7634,1.19078,0.699366,1.94715,1.34007,2.43632,2.15715,1.63508,0.804256,3.40664,2.13076,2.93928,2.24228,1.11555,1.24102,1.68502,3.11992,2.03197,1.69602,1.67852,1.01198,2.17337,0.827492,5.18678,
0.880057,2.22757,0.440885,2.60753,2.62071,4.16277,2.43485,4.05244,2.83358,4.47708,3.40241,1.89776,1.72805,0.686802,3.79635,1.03723,2.48694,2.84695,0.857351,3.31445,0.743677,2.7901,1.69048,2.07294,1.94632,0.762941,1.31051,1.3171,1.02868,1.35637,1.54266,2.71627,1.91926,2.08863,1.10854,3.30218,2.27274,3.0597,2.48492,1.3071,1.47935,2.2421,3.1731,2.03591,2.14148,2.00783,0.745594,2.06917,0.626331,5.65454,
0.251894,2.55724,0.568587,2.38502,2.73142,4.81292,2.35993,4.45876,2.56687,4.17207,3.36101,1.49328,1.4194,0.869936,4.36247,1.15926,2.20218,2.88954,0.450933,3.27432,0.805443,2.5299,1.99357,2.22714,2.14218,1.08609,0.931716,0.897871,0.812206,1.72718,1.82497,3.24797,1.86934,1.95423,0.841699,2.94662,2.68854,2.92838,3.13536,1.06706,1.44682,2.30751,3.55525,1.84588,2.29649,2.19905,0.986352,1.9563,0.744228,5.97462,
0.18729,3.03866,0.477924,2.34096,2.59482,5.31598,2.61454,4.28683,2.8835,4.44888,3.84803,2.08771,1.297,0.655738,4.01069,0.760752,1.92059,3.42126,1.08805,3.34509,1.54855,2.54314,2.02432,2.01638,1.84548,1.58155,1.00556,0.773548,1.46701,1.78202,1.27415,3.58092,1.52544,1.63065,1.2839,3.3319,2.9831,3.72539,2.941,0.89858,1.52599,1.82686,3.2099,2.08345,2.86201,2.02751,1.58868,1.70298,0.405393,6.30129,
0.360617,2.8145,0.779043,2.3597,2.85524,5.21753,2.54546,4.00956,2.77564,4.67473,3.79135,2.53719,1.92552,0.920221,4.64643,0.649372,1.37038,3.10916,0.871971,3.8261,1.46151,3.16208,2.3281,1.54288,1.85414,1.2526,1.04487,1.14167,1.73656,1.99098,1.36255,3.68833,1.41809,2.43042,1.65576,3.18461,3.42822,3.57503,2.84442,1.07645,1.83338,2.2438,3.4059,2.00889,2.56895,1.94081,1.6185,1.88115,0.59964,6.49632,
0.454387,2.85059,0.719872,2.28159,2.33344,5.40806,2.64326,4.32276,2.88447,4.6906,3.93339,2.7124,1.83528,0.558202,4.43048,0.910418,1.92274,3.07186,1.55046,3.78833,1.50141,3.42637,2.54326,1.95327,1.88655,0.992263,1.07536,1.4388,1.13143,1.73881,1.80331,3.81369,1.24258,2.79243,1.51988,3.18548,3.12696,4.01925,3.24404,1.56564,2.452,1.99634,3.09558,1.71167,2.56091,2.54369,1.97814,1.6564,0.445243,6.52338,
0.415015,3.27502,0.38814,2.08763,2.23066,5.71102,2.96472,3.97407,2.98356,4.53499,4.01096,2.61101,1.60665,1.41064,4.45836,0.910497,1.80362,3.11659,1.44052,4.0657,1.82836,3.33304,2.81623,2.41153,2.0651,1.20252,1.13539,1.12309,1.04069,1.91058,1.73331,3.59284,1.82793,3.09012,1.76344,3.37014,3.71415,3.89473,3.75304,1.42183,2.24714,1.86775,2.98583,1.7728,2.84798,3.15913,2.07672,1.71368,1.13679,6.86949,
0.8192,3.18979,0.589752,2.21467,2.23412,6.2658,2.83282,4.30537,2.75055,3.98422,4.28991,2.359,2.2068,1.49267,4.85071,1.0244,1.85992,3.42901,1.60739,4.05463,1.2663,3.95847,3.02908,2.73292,1.54452,1.21863,0.63394,0.791964,1.67932,1.72712,2.22525,3.76346,1.49203,3.58741,1.90852,3.21285,3.81435,3.92394,3.68309,1.44444,2.31387,1.94611,3.49072,1.92892,2.45915,3.22779,2.47166,2.2295,0.998022,6.6619,
0.880753,3.01146,1.07179,1.68267,1.87929,6.2163,2.435,4.83924,2.92283,4.04054,4.49274,2.42868,2.43727,1.71365,4.94845,0.684958,1.96308,4.00419,1.48936,4.30285,1.93019,4.15603,3.16862,2.75808,1.54836,1.25071,0.847562,1.16848,1.32165,1.53576,2.63538,3.55966,1.54092,3.21499,1.8958,3.8272,3.84007,3.9479,3.93283,1.08346,2.79311,2.24286,3.71275,1.80894,2.02707,3.41809,2.7549,1.98264,1.32948,7.21294,
1.46901,3.42447,1.21101,2.60356,1.80085,6.15015,2.40433,4.49846,2.83951,4.33119,4.43216,2.34682,2.83734,2.27266,5.49998,0.926117,2.08092,3.65785,1.21078,4.84252,1.8865,4.16064,3.38031,2.85879,1.5723,0.820297,1.26944,0.804269,1.55318,2.02044,2.81641,3.35255,1.60275,3.16631,1.49313,4.14858,3.66805,4.39617,4.09633,1.34062,2.82112,2.3886,3.68113,1.34477,2.30473,3.25359,2.73452,1.99018,1.14943,7.1459,
1.1667,3.84849,1.15557,2.53634,1.79675,5.82944,2.48328,4.64285,3.04216,4.36004,4.43076,2.36153,2.73541,2.06896,4.99138,1.25054,2.54075,4.17367,1.60125,4.87852,1.73178,4.43949,3.52018,3.02115,1.53078,1.18996,1.0082,0.828951,1.68506,2.618,2.88008,3.18511,1.69073,3.55847,2.3543,4.1199,3.96952,4.1311,3.63553,0.800186,2.75552,3.03025,3.71057,1.73705,2.33059,3.41764,3.78092,1.65252,1.05889,7.74837,
0.988626,3.7244,1.42227,2.42626,2.01627,5.95099,2.37148,4.79732,2.47517,4.82905,4.71023,2.54036,2.98825,1.93459,5.08409,1.63876,2.48488,4.4272,1.62816,4.86652,1.40663,4.54177,3.00809,2.74968,1.87726,1.14626,0.67679,1.16478,1.61351,2.67141,3.30688,3.66976,1.8117,4.02316,2.77642,4.1835,3.92563,4.03685,4.22341,0.533201,2.95131,2.23617,4.14768,2.09516,2.32459,3.68056,3.92994,1.28224,0.946421,8.35305,
0.736329,4.29983,1.03617,2.78778,1.99265,6.09601,2.72133,5.29102,2.62379,4.67464,4.52956,2.43524,2.92449,1.97817,5.22875,1.49449,2.58077,4.47906,1.55878,5.51984,1.31892,4.84758,2.91313,2.69876,1.4433,0.914143,0.687309,0.872882,2.05798,2.91163,3.29091,3.71819,1.72246,4.1592,2.69052,4.05101,4.2348,3.63634,4.6467,1.13478,3.55092,2.27322,4.04792,2.03888,2.23491,2.95697,3.69501,2.16498,0.861134,8.30658,
0.741342,4.39742,1.17967,3.15467,2.10102,5.80698,2.40886,5.54014,2.66441,5.12131,4.4769,2.55649,3.55283,1.99508,5.20817,1.96778,2.5516,4.6427,1.51189,5.0873,1.85243,4.82064,3.05232,2.63592,1.1948,0.8345,1.13715,1.48458,1.75334,3.08914,3.08048,3.29565,2.27959,3.75925,3.32797,3.59682,4.07101,3.6655,4.68087,1.50997,4.01778,1.92768,4.04084,2.52638,1.83968,3.51017,3.68472,2.19646,1.22135,8.59046,
0.626177,4.27262,1.26774,3.74204,1.79129,6.18415,2.31252,5.42305,2.89775,4.85405,4.0854,2.61063,3.78562,1.90025,5.89407,1.78413,2.72855,4.66299,1.27877,5.53513,1.80028,5.42876,2.93098,2.61003,1.41973,0.786695,1.70306,0.998778,1.78951,3.42944,3.31466,4.02394,2.6303,3.49621,3.26102,3.34117,3.99144,3.99331,4.54622,1.00456,4.07811,1.58728,4.40039,2.73717,2.41219,3.70132,3.71514,1.79322,1.0928,9.02502,
0.897806,4.07115,1.14471,3.77367,1.80377,6.46232,2.66751,5.81762,2.49505,4.80274,4.3614,3.11144,4.01468,1.99079,5.75729,1.84116,2.57844,4.63164,1.36633,5.53431,1.68571,5.77236,2.88315,3.05888,1.40338,1.29827,1.46054,0.431109,2.15005,4.24473,3.18601,3.75405,2.48511,3.45776,3.87736,3.86613,3.58172,3.68206,4.53799,0.945225,4.73083,1.15622,4.80151,3.05553,2.20766,3.85677,3.5854,2.23545,1.28776,9.00443,
1.23826,4.29296,1.01194,3.78964,1.78674,6.23661,2.92622,5.56716,2.21702,5.30761,4.21255,3.44107,4.56084,1.94143,5.65285,2.05932,2.46134,4.93883,1.5962,5.38115,1.60821,5.76543,3.01638,3.19651,1.45989,1.18118,1.26659,0.727453,1.52036,4.22683,3.58791,4.20502,2.30295,3.50308,3.6026,4.41224,4.10288,3.50481,4.88877,0.727997,4.91986,1.39384,4.56778,2.87793,2.69942,3.96195,3.47668,2.30801,0.933775,9.06521,
0.748079,5.0701,0.753975,3.90072,1.93889,6.38723,2.71748,5.92924,2.62559,6.01135,4.29896,3.47422,4.21294,2.58662,5.59897,1.92719,2.6276,4.69825,1.50416,5.66458,1.81028,5.97775,3.37871,3.33655,1.91948,1.45735,1.49534,0.904021,1.29268,4.18052,4.06337,4.5344,2.56795,3.61636,3.24523,4.20465,4.12427,3.74515,5.083,1.18752,5.22801,1.42335,5.03564,3.0235,2.78365,3.90622,3.72792,1.80609,1.55034,8.90159,
0.782874,5.07364,1.32284,3.8257,1.54712,6.464,2.74897,5.73223,3.25853,5.80234,3.96281,3.47837,4.12051,2.1403,5.5596,2.3903,2.81068,5.25499,1.4673,5.92338,1.32289,5.80856,3.91599,3.21281,2.21394,1.24182,1.74866,1.70419,1.48275,4.40217,3.97216,4.52252,2.69445,3.78253,3.66472,4.72888,4.45746,3.24392,5.5044,0.721085,5.13421,1.52364,5.30464,3.20598,3.06196,4.08028,3.79173,2.16493,1.30319,9.1056,
0.885959,5.09712,1.03849,4.01832,1.99439,5.99354,3.10686,5.85561,3.49692,5.99078,3.81553,3.46247,4.20192,2.55595,5.47348,2.54247,2.65305,5.0819,1.88673,6.25184,1.48287,5.60482,3.94474,3.66329,1.73205,1.25454,1.88386,1.64644,1.52869,4.30575,3.6217,4.71337,2.80975,4.22401,4.35844,4.72012,4.55928,3.71777,5.81517,1.03146,5.29521,1.33688,6.04392,2.91341,2.77729,4.53064,3.05007,2.74218,1.28487,9.01718,
0.9283,5.22672,1.47852,3.74239,1.96029,6.34259,2.91481,6.21136,3.70804,5.90218,3.79866,4.245,4.16632,2.47042,5.27481,2.10091,3.03812,5.45105,1.88909,6.68608,1.67301,5.6857,3.70099,3.22215,1.90198,2.22409,1.97632,2.08016,1.69214,4.178,3.81311,4.52848,3.04067,4.66169,4.10895,5.24661,4.46849,3.8937,6.21492,1.08195,5.05751,1.40884,5.87794,2.82119,2.76924,4.45549,2.97214,2.9997,2.01702,9.04248,
0.199895,5.29688,1.08379,4.67915,2.32039,6.19427,2.87106,6.10696,3.21701,6.54195,3.35392,3.99672,4.54592,2.78061,5.41131,2.15058,3.15833,5.37854,2.52603,6.53956,1.58235,5.73848,3.59327,3.58929,2.13102,2.67753,1.74041,2.29229,1.41063,4.59378,4.64943,4.34257,3.40947,4.94183,4.36809,5.34525,4.74448,3.56339,6.04572,1.57179,4.90991,1.43455,6.0894,2.68889,2.87836,4.35547,3.69342,3.35047,1.90919,8.92328,
1.20612,5.94374,0.688775,4.80692,1.65335,5.87834,3.26265,6.74074,3.26255,6.90722,3.28299,3.91083,4.50082,3.12571,5.94008,2.21203,3.46863,5.21735,1.96713,6.72385,1.84702,5.56318,3.56422,3.88605,2.2132,2.60049,1.95215,2.83824,1.80125,4.78479,4.46474,4.21943,2.97877,4.58444,4.52038,5.89597,4.80819,3.64285,5.99079,1.96624,4.75951,1.56276,6.21966,2.65291,3.92242,4.50819,3.51361,3.15273,1.64713,8.74445,
1.18174,6.55851,0.504786,5.28463,1.64536,5.88743,3.71138,6.71181,3.00688,6.93455,3.32237,3.99068,4.1964,3.00123,5.49284,2.06426,3.16715,4.85705,2.51447,6.5401,2.34568,5.89006,3.50071,4.12446,1.99846,2.49549,2.12693,3.00635,1.89505,5.40628,4.54124,4.35959,2.73163,4.52282,4.93535,6.04325,4.89834,3.84933,5.7556,1.60688,5.19787,1.04866,5.93788,2.98605,3.34864,5.14457,4.46236,2.6776,1.69836,8.79501,
0.61198,7.01178,1.15049,4.92837,1.6294,5.74167,3.74821,7.19164,2.92465,6.92102,3.38984,4.58068,4.4669,3.29715,5.8282,2.03633,3.17814,5.5752,2.28109,6.33826,1.86035,5.73602,3.72057,3.80271,2.10006,2.77312,2.10571,2.98368,2.02163,5.36897,4.74775,4.6519,3.10252,4.7862,4.3219,5.95466,5.48802,3.84362,5.68341,1.71468,5.21551,1.23746,5.85062,3.61304,3.06908,4.92687,4.51697,3.13326,1.98024,8.96286,
1.1153,7.25548,1.48329,5.25396,1.34226,5.93508,3.25422,7.56698,2.92818,7.40183,3.46396,4.21489,4.65048,3.58263,6.08702,2.13907,3.55965,5.77624,2.31192,6.61944,1.91826,5.73553,4.01195,3.88552,1.78299,3.40307,1.70705,3.27631,2.11768,5.74446,4.77806,4.74141,3.05345,4.9648,4.43274,6.61909,5.20279,4.04755,5.99986,0.961065,5.44845,1.01423,5.9141,3.20789,3.24989,5.08523,4.56963,3.52669,1.87099,8.81273,
0.626026,7.33354,1.76263,4.97534,1.67305,6.33167,2.91341,8.17123,3.04519,7.89303,3.25844,4.19149,4.44246,3.56477,5.81355,2.21923,3.87901,5.6966,2.40238,6.54964,1.67156,5.67655,3.70566,4.13797,1.64571,3.48369,2.29259,3.88989,2.2763,5.66785,5.12147,4.89292,3.03639,5.87838,4.55637,5.82295,5.13271,3.80818,5.58882,1.31329,5.93369,1.23252,6.60624,3.0514,3.28763,5.15835,4.57724,3.46046,1.99776,9.03832,
0.875544,7.43586,1.8718,5.04546,1.15525,6.69435,3.34229,8.04165,3.44686,8.07602,3.1405,4.22979,4.55763,3.36066,6.30052,2.45209,4.07715,6.10719,2.60521,6.55856,1.58584,5.94509,4.19336,4.69207,1.943,3.34341,2.13596,3.65564,2.56319,5.70467,5.26156,4.79646,3.084,5.79661,4.56942,5.29936,4.81287,3.83079,6.00015,1.632,6.00706,1.54107,6.77275,3.64325,3.47916,5.11694,4.56047,3.75457,2.04269,8.92125,
0.816957,7.38413,1.78649,5.16667,1.23678,6.78624,3.12693,7.99799,3.29389,8.17116,3.26275,5.07062,4.66533,3.29152,6.87432,2.09369,4.29464,6.13311,2.96418,6.14109,1.6222,5.97405,4.30684,4.36762,1.4443,3.48373,2.10061,3.64822,2.97693,5.95026,4.92076,5.05814,3.51458,5.36218,4.97499,5.59005,4.95733,4.21147,6.08432,1.97501,6.32966,1.73009,6.4987,3.03502,3.78635,5.30546,5.07499,3.8906,2.51349,8.81326,
0.65273,7.24294,1.95908,5.76007,1.76046,7.13721,2.79121,8.15635,3.05892,8.77874,3.29343,4.81122,5.19347,3.15007,6.62977,1.66912,4.61179,6.03516,2.8763,6.63928,1.16877,5.81046,4.38967,5.15484,2.1045,3.40102,2.54028,3.65121,3.03896,6.44697,4.79163,4.98287,3.41467,5.48193,5.06405,5.79054,4.97275,3.88415,6.65328,2.07209,6.27975,1.853,6.50711,3.18173,4.00674,5.68728,4.5898,4.06815,2.43054,9.085,
0.401445,7.72073,1.81412,5.88433,1.48755,6.90101,3.0857,8.0432,3.7529,8.82193,3.27317,4.80245,5.19701,3.53081,6.85017,1.76717,4.53197,5.8227,3.65413,6.707,1.25258,5.86131,4.41544,4.97086,2.13456,3.59473,2.8245,3.49102,3.22297,6.46091,4.58597,4.62552,3.65819,5.9486,5.72676,5.86584,5.48339,3.56228,6.56574,2.24163,6.20827,2.25619,6.68412,3.00478,4.23596,6.01121,4.97286,4.04207,2.64611,9.02563,
0.737489,7.99842,1.93837,5.67983,1.73906,7.29661,3.2723,8.14806,3.70662,8.56542,3.16373,4.97977,5.70884,3.39611,6.72378,1.91151,4.53559,6.58965,3.7442,6.65925,1.87281,5.22138,4.5077,4.6223,2.06205,3.81365,2.42244,3.41142,3.29086,6.18119,4.99074,4.82113,3.91342,6.0912,5.78561,5.60124,4.98857,3.69972,7.11403,1.83557,6.37614,2.22551,6.70927,3.24046,4.2541,6.06708,5.1376,3.92826,2.55487,8.79995,
0.715032,8.31044,1.47356,6.13254,1.51162,7.25712,3.35248,8.61271,4.1517,8.62417,3.1378,4.75987,5.90827,3.21065,6.69426,2.26462,4.82062,6.12275,4.23373,6.63566,1.97463,5.3612,4.47418,5.21953,2.14263,3.8455,2.29417,3.68701,3.4229,6.1438,5.14199,4.86519,3.91179,6.63193,6.01492,5.51531,5.58465,3.54499,7.06869,1.72181,6.13728,1.9025,6.26232,3.48571,4.90019,6.18981,5.0046,4.19377,2.21725,9.04116,
0.790506,9.04754,1.07648,6.37918,1.3491,7.16068,3.34315,8.79627,4.42566,8.50725,3.6164,5.16794,5.82458,3.34085,6.898,2.00615,4.79183,6.95818,4.18863,6.66889,2.13413,5.49171,4.52614,5.62473,2.1183,4.07317,2.51694,3.65704,3.65754,5.82833,5.30829,5.48245,3.46353,6.57159,5.95957,4.9765,6.27,3.85155,7.22815,1.54217,6.52618,1.98582,6.18955,3.43959,4.76464,6.49269,4.94541,4.10611,2.90852,8.95769,
0.780276,9.50385,0.731755,6.69689,1.51693,7.09762,3.93873,8.86551,4.11095,8.65556,3.36956,5.39768,6.0795,2.7349,6.99416,1.70552,4.77446,7.27272,4.57102,7.14677,1.79007,5.24704,4.50604,5.04842,2.25919,4.52908,2.35635,4.06717,3.45394,5.89947,5.63042,5.3134,3.84124,6.83347,5.70009,5.26303,6.48699,3.53068,7.60639,1.52837,6.54875,1.79739,6.61696,3.09428,4.54836,6.1754,4.65085,4.19556,3.15438,8.95434,
0.376211,8.92584,0.93626,6.97781,1.99426,7.45521,3.87694,9.63477,4.10432,8.72501,3.57989,5.3748,6.53712,2.61035,7.32765,1.71991,5.10804,7.64997,4.25454,7.89876,1.67098,5.30149,4.72808,5.02658,1.84779,4.14118,2.81255,4.46406,3.19011,6.06873,5.03871,4.93831,3.82571,7.22201,5.71953,5.15275,6.71086,3.64102,7.87829,1.35515,6.61353,2.05246,6.19315,3.39131,4.74356,6.09198,4.5608,4.69761,3.81734,9.05985,
1.0477,8.57214,0.980457,7.09771,1.99405,8.20986,3.93073,9.52966,4.01714,8.75933,4.07384,5.33672,7.32615,2.46064,6.97499,2.28708,4.90589,7.33541,4.24481,8.0575,1.45748,5.4616,4.85703,5.78975,1.85784,4.08847,3.40552,4.55349,2.86671,5.84007,5.088,4.80561,4.53123,7.61798,6.12307,5.17545,6.5255,3.55722,7.45054,1.1224,7.12496,1.85456,6.02498,3.82434,4.71527,6.57921,4.96812,5.0656,3.85117,8.97015,
1.38266,8.70155,0.749528,7.65487,1.60463,8.50496,3.843,9.23939,4.31494,8.58652,4.38954,5.3235,7.27729,2.41946,7.08464,2.58442,5.43224,7.67289,4.57783,8.07904,1.00566,5.11115,4.66594,6.37087,1.7026,4.47197,3.85445,4.3648,3.07079,5.69069,4.68759,5.24941,4.81032,7.80933,6.51839,5.07092,7.0871,2.92934,7.62312,1.4121,7.19192,1.94671,6.04578,4.09048,4.39617,6.79787,4.98353,5.08578,4.67124,8.94948,
0.620748,8.55014,0.75712,7.61157,1.63179,8.34161,4.06786,9.08222,4.38469,8.39486,4.81383,5.3585,7.25011,2.52522,6.9785,3.18953,5.69166,7.84547,4.74833,8.1099,1.21814,5.60992,4.41793,6.20073,2.07775,3.93034,3.93351,4.5201,3.30963,5.92417,5.078,5.51656,4.50758,7.49663,6.60462,4.91024,7.4212,3.2395,7.8353,1.33204,7.1389,2.32715,5.77921,4.23245,4.45543,7.04521,5.21644,5.47603,4.69032,9.00428,
0.510577,9.13353,0.732624,8.2142,1.94381,8.49657,4.30331,9.76345,4.41017,8.68011,4.89569,4.97322,6.91676,2.41608,6.51679,3.26286,5.64654,7.93844,4.63794,7.8932,0.981441,5.40347,4.55599,6.23514,2.0859,4.11525,3.98899,4.53311,3.67759,5.96529,5.37296,5.97475,4.47337,7.41294,6.4575,4.74899,7.32968,3.34659,8.23311,2.32418,7.06226,2.13849,5.49733,4.33565,4.22698,6.96303,5.39293,4.85174,4.6984,8.91303,
0.450149,8.73691,0.615155,8.33978,1.96226,8.63902,4.85828,9.79966,4.36444,9.12209,4.84505,4.8465,6.84995,2.3217,6.57461,2.68682,6.14724,8.13608,5.09602,7.90418,0.818647,5.76735,4.51215,6.50584,2.20075,4.4072,3.4022,4.69121,3.76239,5.75974,5.2249,6.13102,4.73458,7.70208,6.61307,5.1051,7.78665,3.84598,8.24271,1.90072,6.3047,2.05918,5.89217,4.80007,4.03858,7.10887,5.67517,4.84482,5.08962,8.89911,
0.748952,8.87306,0.82293,8.33076,1.93284,8.15027,4.37506,9.57816,4.53944,9.57997,5.10371,5.41139,6.94201,1.97784,6.56685,3.09771,6.16595,8.42835,4.97573,8.15737,0.811121,6.25903,5.01864,6.5281,1.926,4.79946,3.21207,5.19022,3.49457,5.38878,5.18592,6.04149,4.95314,7.7649,6.35739,5.28902,7.86358,3.89528,8.21087,1.98666,6.23577,1.97132,6.20777,4.95364,4.11926,6.86313,5.49238,5.14811,5.30558,9.08029,
1.01942,8.74073,0.834618,7.93553,1.55963,8.77882,4.99043,9.36203,4.76579,9.23478,4.83888,5.38929,7.25915,1.56579,6.53094,3.49094,6.0195,8.3956,4.7153,8.4625,0.798145,6.41946,5.05082,6.55035,2.09739,4.7993,3.68752,5.04321,3.49907,5.45212,4.94866,6.24403,4.8032,7.93797,6.48708,5.02838,8.29078,4.41355,8.32266,2.234,6.56563,1.95311,6.35143,4.78301,3.98926,6.64009,5.95164,5.34363,5.29359,9.0904,
0.333209,8.93566,0.543118,7.9885,1.83802,9.01441,4.95414,9.44933,4.49851,8.66961,4.95179,5.81907,7.83173,1.88452,6.68418,3.49568,6.16181,8.61033,4.88565,8.47963,0.299479,6.62924,5.33077,6.13303,2.35549,4.84294,3.91242,5.08532,3.40151,5.6552,5.23965,6.91945,5.4876,7.76919,6.412,5.20835,7.67,4.18989,8.26588,2.37287,7.14828,2.47901,6.5224,4.56561,3.78499,6.41916,6.28629,5.53372,6.08213,9.17097,
0.601627,9.42985,0.566988,7.68284,1.69434,9.44667,5.30634,9.55753,4.58498,8.70686,5.49915,5.57455,7.28572,1.98889,6.82218,4.02969,6.40034,8.77298,4.91458,8.79592,1.22991,6.6486,4.91279,5.77421,2.79582,4.93875,3.83903,5.20376,3.95921,6.1904,5.46975,6.8638,4.77547,7.62953,6.40834,6.17622,8.27901,3.81828,9.24289,2.17207,7.08391,3.04203,6.02732,4.18072,4.51297,6.34887,6.49733,5.59169,5.42055,9.1338,
0.475305,9.0799,0.742021,8.10802,1.40186,9.24298,5.30102,9.4892,5.19053,9.1445,5.85458,5.74079,7.2283,2.00302,6.86011,4.34949,6.37841,8.70492,4.86343,9.15873,1.62812,6.9546,5.01065,6.09698,2.89736,4.99198,3.81439,4.83033,4.03887,6.29092,5.81964,6.83167,5.23967,7.38773,6.85454,6.03624,8.11995,4.48828,8.96063,2.36035,7.26612,2.92941,6.00147,4.64672,4.88265,6.55358,6.65421,5.45043,5.32146,9.05833,
0.470345,9.50001,0.992496,8.45534,1.38784,9.83979,4.84427,9.57477,5.04935,8.84814,5.73167,5.89412,7.52693,2.16879,6.52274,4.94123,6.91344,8.43037,5.08011,9.1883,1.27008,7.35036,4.97973,6.34918,3.59208,4.83935,3.91499,4.34141,3.99151,6.63939,5.65663,7.11731,5.80969,7.32597,6.9335,6.02971,7.93761,4.29807,9.12227,2.53799,7.22453,3.07875,5.9944,4.47999,4.93238,6.71229,7.10978,5.47838,5.83909,9.06349,
1.08249,9.99513,0.362638,8.56115,1.1006,9.81892,5.01643,9.92176,5.3217,8.7352,5.50238,5.68374,7.44289,2.06378,6.70634,4.94598,7.14793,9.20116,5.20173,8.74099,1.30578,7.53003,4.98376,6.34721,3.79231,5.05014,3.78172,4.81388,3.96434,6.63301,5.73507,7.4414,5.96821,7.1376,7.16881,5.82886,8.27621,4.66069,9.28486,2.82433,6.87136,3.27285,5.95564,4.53237,4.9179,6.8504,6.84337,5.2037,5.48105,9.00558,
0.778527,9.99719,0.582555,8.49459,1.04815,9.60077,5.60706,9.72225,5.06572,8.48808,5.39967,5.86181,7.71343,1.82805,6.50486,5.3665,7.15643,9.61696,5.16341,8.83974,1.86135,7.5726,4.91057,6.36117,4.12344,4.63805,4.09116,4.86903,3.88573,6.67631,5.84277,7.51181,5.79822,7.7157,7.12775,5.71883,7.92967,4.53257,8.94671,2.95755,7.2151,3.67834,5.82592,4.63058,4.81705,7.32893,7.50781,5.31875,5.36865,8.97691,
0.606328,9.98631,0.685152,8.44799,1.03537,9.5141,5.15437,9.59721,4.8123,8.94033,5.67373,5.92177,7.5958,2.44568,6.5886,5.47587,6.94558,9.08415,4.75494,8.83026,2.01631,7.87051,5.16928,6.45462,4.22503,4.58268,4.2505,5.17507,4.04312,6.76647,5.90348,7.38532,5.52086,8.93351,7.42114,5.4873,8.1319,4.40006,8.60755,3.59699,7.32559,3.99395,6.39782,4.43768,4.92662,7.54197,6.86963,5.22962,5.25596,9.19983,
0.738539,9.86383,0.670019,9.12733,1.31705,9.74054,5.08133,9.56408,5.16255,8.43699,5.95147,5.97764,7.4276,2.53877,6.9153,5.42889,6.74848,9.04768,4.17799,9.27523,1.93479,7.97447,5.46118,6.44312,4.40689,4.75997,4.28684,5.23637,3.65493,6.5934,5.62942,8.01093,5.55902,9.0449,7.4793,5.35909,7.79176,4.87651,8.47078,3.66781,6.97181,4.30523,6.49379,4.05499,4.90043,6.95529,6.68852,5.90029,5.39781,9.15333,
0.577402,9.6416,0.85941,9.31764,1.23154,9.90107,5.56108,9.18592,5.56194,7.9675,5.48088,6.0263,7.25964,3.36852,7.06001,5.84873,6.39507,8.88754,4.25008,9.68245,1.91066,8.06258,6.43079,6.16688,4.53213,4.42097,4.25763,5.69422,3.33109,6.45631,5.4893,7.88353,5.90678,8.94075,7.23088,5.33663,8.08161,4.88731,9.13591,3.6357,7.41459,4.0152,6.32839,3.84257,4.34749,7.32682,7.0986,5.75057,5.22772,9.02979,
1.07986,9.64475,0.958271,9.82767,1.05201,9.86685,5.46499,9.08561,5.86067,8.09851,5.85281,6.2362,6.824,3.44994,6.87557,5.47563,6.8132,8.7015,4.28398,9.42794,2.03605,8.53201,6.72087,6.36703,4.59807,4.24953,3.75138,5.472,3.55032,6.68944,5.41877,8.65873,5.91905,9.26134,7.85138,5.6853,8.03455,5.07556,9.16064,3.84669,7.34302,4.0757,6.04589,3.86701,4.48021,7.19252,6.87965,6.00535,5.32909,9.05496,
1.47363,9.88679,0.834898,9.55353,0.946894,9.44268,5.46166,9.76953,5.85097,8.38867,6.09699,5.94952,6.99665,3.04105,7.1636,6.42824,7.09563,9.14854,4.7411,9.26354,1.88005,8.74208,6.97078,6.519,4.84922,4.35988,3.82252,5.2636,3.94646,6.60382,5.71703,8.71573,6.5934,8.95693,7.46714,6.01777,7.66958,5.22157,9.00123,3.98011,7.48942,4.38281,6.39462,4.17106,4.44961,7.13994,6.88688,5.78096,5.63781,9.0949,
0.888783,9.94036,0.912082,9.37965,1.29501,8.93102,5.07228,9.55808,5.97677,8.82689,5.89656,5.75014,7.02072,3.13719,7.80052,7.10503,7.56337,9.52795,4.95404,9.10041,1.89594,8.38058,6.95524,6.63324,5.18611,4.59832,4.06812,5.02029,3.84181,6.62297,6.008,8.46955,6.93587,9.14865,7.75978,6.82036,7.89039,5.30261,8.5877,3.93633,7.60028,4.48483,6.45827,4.41771,4.15002,7.20003,6.98425,6.05461,6.34303,9.02439,
0.558778,9.82314,1.3887,9.94371,1.11842,9.47909,5.38631,9.11807,5.89887,9.02747,5.75568,6.45169,7.12875,3.27577,7.89193,6.71421,8.00357,9.51603,4.86228,8.81596,1.87933,8.87898,6.33652,6.69113,4.97758,4.64589,4.61521,5.48742,4.23801,6.62408,5.43519,8.38283,6.88458,9.08636,8.08961,6.60125,7.94304,5.43638,9.07628,4.39595,7.44155,4.53139,6.62374,4.46273,4.46392,7.20628,7.03287,6.52948,6.25733,8.82853,
0.751327,9.77812,0.831827,9.47431,1.71494,9.5314,5.48897,9.6275,5.99426,9.13217,5.79026,6.22153,7.37136,3.20701,7.94567,6.87629,7.40179,9.89119,4.87821,9.23826,2.67674,8.28976,6.46873,6.87917,5.50553,4.58604,4.86718,5.28308,4.00753,6.76119,5.62278,8.03742,7.27348,8.97024,8.20814,6.90747,7.90889,6.00262,9.38372,3.9842,7.44539,4.68481,6.98403,5.06243,3.99537,7.76536,6.72213,6.56353,6.74918,9.08153,
0.638436,9.95256,1.08154,9.76863,1.83489,9.09929,5.81743,9.79761,5.79162,8.71942,5.70211,6.16447,6.94352,3.19476,7.40115,7.27335,7.15152,9.56944,5.44488,8.87263,2.72249,7.99646,6.12106,7.23907,6.36443,4.38071,5.01515,4.92205,4.01743,6.60549,5.64862,8.20387,7.29377,9.09352,8.81924,6.9614,8.12231,6.21902,8.53001,4.12729,7.51005,4.52496,7.13233,4.72442,4.20164,8.48777,7.3036,7.03519,6.23198,9.03248,
0.7391,9.86935,0.969664,9.85504,2.57181,9.34469,5.89075,9.56122,5.13788,8.69851,5.80769,6.58675,7.55056,3.50126,6.95656,7.18207,6.81951,9.5937,5.23232,9.67756,3.45526,7.93812,6.70059,7.58625,6.27958,4.14846,5.04088,5.21169,3.83339,6.61195,5.86088,8.31782,7.68047,9.10631,8.35017,6.52887,8.39526,6.78424,8.94393,4.13503,7.29413,4.73215,6.91175,4.78672,4.05132,8.84331,7.60261,6.71576,6.65213,9.13134,
1.07033,9.80525,1.58603,9.91938,2.3342,9.24685,5.85641,9.32504,5.96515,8.68797,6.11173,7.10319,7.3288,3.53867,6.53262,6.87093,7.40698,9.51818,5.64165,9.24483,2.80188,8.3202,6.57023,7.66774,6.32747,3.91186,5.83963,5.52182,3.65057,6.7512,5.66449,8.87495,7.89943,8.69252,9.14669,6.24411,8.50544,6.81223,8.97671,4.23655,7.10251,5.41723,7.06756,4.62218,3.80469,8.5815,7.50238,7.50114,6.6965,9.02369,
0.705876,9.7933,1.04732,9.89909,2.27586,9.4773,6.07525,9.60174,6.34628,8.83714,5.92382,6.79071,7.33686,3.61941,6.48524,6.67721,7.91676,9.33703,5.6681,9.05315,2.55515,9.09393,6.95707,7.54351,5.81815,3.99122,6.0984,5.7104,4.07287,6.87031,5.49436,8.7167,7.72804,8.94271,9.55779,6.64927,8.52654,7.2109,8.82438,4.11494,7.09589,5.31629,7.02302,4.63311,4.19502,8.67257,7.50071,7.85086,7.13257,8.90496,
0.933555,9.97714,1.45654,9.60067,1.67919,9.80769,5.66136,9.42659,6.21862,8.78334,5.51903,6.81427,8.05148,4.18611,6.71575,6.52272,7.9124,9.32868,5.37295,9.00573,3.40686,8.84066,7.30219,7.53495,5.57192,4.12415,6.13673,5.98606,4.64449,6.84858,5.68644,9.22575,7.88652,9.17647,9.17105,6.55116,8.19446,7.32728,8.85755,3.97194,7.08681,5.20248,7.21259,5.36804,3.90721,9.29554,7.83537,8.25705,6.88483,8.97737,
1.0809,9.92687,1.4404,9.76285,1.5967,9.63179,5.9007,9.37575,6.0764,8.54519,5.52576,7.18222,8.31906,4.09783,6.41073,6.92794,8.02958,9.82963,5.64233,9.49829,3.30604,9.02448,6.6565,7.19685,6.37533,3.96941,6.60208,5.77199,4.44938,6.81838,5.32362,9.56034,7.7939,9.54852,9.37137,6.14802,8.82732,7.64481,9.26203,4.38116,6.9191,5.06619,6.89949,6.02095,4.19241,9.2406,8.0182,8.26788,6.56684,9.06826,
1.15422,9.76229,1.6539,9.63186,1.39628,9.22233,6.00545,8.88174,6.35256,9.46817,5.47148,7.34896,7.91349,3.89401,6.43122,7.2985,8.05372,9.79153,5.52771,9.75041,2.53746,9.10892,6.66035,6.93526,6.55853,3.83623,6.5327,5.78277,4.85741,7.54463,5.6318,9.26004,8.28407,9.31063,9.52261,6.19056,8.53236,8.02995,9.73566,4.38236,6.94513,5.12761,7.16796,5.89157,4.11789,9.41031,8.09339,8.79289,6.78849,8.99588,
0.987727,9.91107,1.15321,9.34572,1.3783,9.3355,6.59484,9.02909,7.32912,9.23956,5.75183,7.06507,8.27081,3.94194,6.55033,7.45627,7.69555,9.85749,5.29775,9.30173,2.9687,8.62942,7.20906,7.07142,6.13938,4.20193,6.02238,6.24086,4.99018,7.75656,6.09378,9.14983,7.96779,9.44199,9.25878,6.19996,8.74971,7.91332,9.39176,4.13723,7.2016,5.46446,6.72724,5.58755,4.29203,9.72809,8.58095,9.56704,6.86328,8.94493,
0.597201,9.97394,1.39052,9.34477,1.36871,9.81754,6.44141,9.25343,7.93847,9.25194,6.13107,6.78188,8.22909,3.99323,5.99198,8.35834,8.21877,9.26519,5.9629,9.51106,2.33506,9.22365,7.2466,6.8115,6.55256,4.25453,5.94111,6.26436,5.139,7.93984,6.75739,9.18831,7.56878,9.178,9.69783,6.01278,8.86273,8.16157,9.45338,4.61843,6.75493,5.62948,7.02154,5.7403,4.34148,9.40052,8.53757,9.22408,7.31159,8.93759,
0.349393,9.95315,1.40932,9.31958,1.62104,9.46774,6.81104,9.31109,7.72177,9.27494,5.53026,7.3306,8.15263,4.32268,6.21274,8.49779,8.05123,9.51391,5.66034,9.09257,2.97184,9.32965,7.35585,7.29588,6.78728,4.43188,6.24471,6.20677,4.90636,8.4252,6.81278,8.97275,7.20307,9.28953,9.43731,6.73692,9.11446,7.97416,9.25815,5.12947,7.029,5.65466,6.86033,5.45556,4.23438,9.74125,8.74936,9.21916,7.40476,9.00167,
0.989101,9.86696,1.18002,8.86882,1.64336,9.6451,6.56915,9.60744,7.70021,9.345,6.00594,7.36008,8.13267,4.53404,6.03076,8.9362,7.54591,8.94566,6.21806,8.89857,3.63559,9.0877,7.41892,7.22639,6.69903,4.33164,6.28575,6.71428,4.75598,8.81526,7.08831,8.78802,7.72529,9.19049,9.91889,6.7803,9.15959,7.99896,9.57932,5.47313,6.88417,6.06863,6.56968,6.06412,4.27994,9.74229,8.28057,9.21207,6.89922,9.10864,
0.851263,9.98419,1.57394,8.83628,1.83601,9.96381,6.21415,9.42874,7.56155,9.31072,6.31169,7.64107,8.19355,4.32889,6.44924,9.12352,7.63494,8.87682,5.94728,8.4528,3.48401,9.24212,7.44074,7.30294,7.08313,4.33351,5.91328,7.05976,4.70652,8.96807,7.43885,9.39058,7.43311,9.54497,9.34816,7.07473,8.68881,7.99846,9.12462,5.5847,6.65932,6.02037,6.98045,6.2118,4.61424,8.90032,8.05934,9.28074,7.03801,8.94515,
0.358116,9.848,1.00004,8.83082,2.17486,9.8314,6.17828,9.41735,7.85883,9.21293,6.10541,7.59427,8.01689,4.42973,6.90276,9.4505,7.57796,9.40123,5.91431,8.4429,3.74464,8.90465,7.88277,7.68826,7.50454,4.40449,5.96711,6.75312,4.627,9.0422,6.83783,9.57999,7.24483,9.12662,9.39593,7.34898,8.73742,7.84138,9.07918,5.86924,6.50604,6.01842,7.47483,6.07144,4.45999,9.04534,7.96217,9.66194,7.19275,8.90982,
0.766448,9.85634,0.448931,8.65898,2.24944,9.54833,6.22974,9.80071,7.90012,9.18666,5.87384,7.42528,8.18188,5.15506,7.01202,9.64311,7.70979,9.18718,5.71609,8.27709,4.07476,9.41195,7.59911,7.73539,7.17307,4.32588,5.93653,6.75898,5.31467,9.038,7.36237,9.195,7.63911,9.65066,9.45047,7.26963,9.01893,7.63609,8.71383,5.79949,6.56071,6.35556,7.4383,6.46553,3.93322,8.91907,8.36996,9.01113,8.12846,9.07869,
0.539027,9.83726,0.99627,8.65394,2.0047,9.72271,6.46279,9.94874,8.57165,9.04739,5.76242,7.4655,8.3359,5.0482,6.85496,9.55786,7.47848,8.98068,6.1921,8.76294,3.7403,9.30882,8.24988,7.37081,7.5166,4.62653,5.65906,6.76736,5.2898,9.12025,7.01856,9.71627,8.14638,9.49774,9.01518,7.21754,9.18948,7.43012,9.17324,5.55518,7.40108,6.21387,8.20275,6.55222,3.73856,8.93175,8.36511,9.04571,8.08754,9.11816,
0.865895,9.81421,0.608889,9.52471,1.82989,9.95782,6.62944,9.74094,8.73685,9.07304,5.5369,7.88675,7.91932,5.63582,7.4916,9.41273,7.47823,8.42643,5.62918,9.39395,3.38438,9.31139,7.87858,7.14614,7.4166,4.79928,5.78183,7.3249,5.43904,9.15164,7.38824,9.46945,7.84421,9.07898,9.31436,7.78662,8.98676,8.10667,8.91146,5.75279,7.3138,6.00284,7.87238,6.08363,4.32661,8.60458,8.44036,8.96172,7.78537,9.13,
0.592851,9.90013,0.86789,9.23242,2.09172,9.61066,6.87562,9.60034,8.74563,8.81619,5.87917,7.97762,8.05798,5.81363,7.43862,9.57668,7.54932,9.15656,5.65279,9.1897,3.37074,9.38453,8.33683,7.31375,7.21095,5.2317,5.95448,7.40477,5.80785,9.31586,7.62027,9.94355,7.36966,8.71139,9.02374,7.67085,9.31052,7.8608,9.11863,5.71835,7.53705,6.14107,7.5313,5.97275,4.32196,8.87212,8.80862,8.92746,7.82939,9.0968,
0.793685,9.89689,1.4217,8.89908,1.95189,9.64888,6.84562,9.79417,9.84666,9.17784,5.68442,7.75155,7.52053,6.03006,7.35259,9.63125,8.24934,9.0356,5.90343,8.86152,2.97905,9.23314,8.93116,7.56168,7.72066,5.01747,6.01161,7.37653,5.4048,9.41013,8.06087,9.83434,7.55104,8.8414,8.89214,7.3321,9.72663,8.17258,8.956,5.83847,6.89613,6.43987,8.03781,5.39157,4.46316,8.3514,8.6034,9.03241,7.51401,9.16872,
0.391627,9.85585,1.60855,8.87123,2.101,8.98159,6.81318,9.91696,9.39688,9.49927,5.8361,7.49914,7.609,6.50161,7.22094,9.88263,8.41834,9.09022,5.86052,8.71463,3.12582,9.08654,9.20497,7.69828,8.00982,5.34822,5.58225,7.64761,5.21072,9.49333,8.74357,9.53243,7.4678,9.04081,8.38845,7.15094,9.62995,8.49924,9.45689,5.48967,6.58731,6.76042,8.01185,5.5727,5.02401,8.40876,8.83926,9.0824,7.16324,9.21495,
1.05358,9.94519,1.34197,9.337,1.65173,9.17322,6.47238,9.71152,9.77009,9.53359,5.48046,7.56356,7.50453,6.49054,7.29752,9.8926,8.69571,9.51468,5.25419,8.86223,3.17206,8.96765,9.1819,8.21967,8.39779,5.25621,6.04341,7.32261,4.77858,9.67982,8.62638,9.81333,7.25176,9.60121,8.07631,6.75102,9.46949,8.15118,9.32734,6.34877,6.59826,6.70139,8.08275,5.41889,5.46429,8.36173,8.73335,9.40547,7.2682,8.88126,
0.804756,9.7602,1.30777,9.30636,1.62276,9.41609,6.29481,9.29105,9.2584,9.6045,5.57968,7.75721,7.94952,6.57164,7.39426,9.55917,8.59024,9.68827,5.51688,8.65562,3.35747,8.77681,9.43278,7.8847,8.7865,5.35525,6.12853,8.18655,4.54557,9.19381,9.12756,9.40816,7.23597,8.99549,8.50826,6.89457,9.30786,8.62758,9.36496,6.17817,6.36289,6.69748,8.20583,6.31491,5.55773,8.7063,8.56607,9.12293,7.47273,8.94378,
1.04409,9.50508,0.997451,9.67369,1.79331,9.54072,6.1423,9.83498,9.26795,9.88467,5.57152,7.36411,8.48606,6.50231,7.30956,9.26952,8.50298,9.57041,5.59123,8.50351,3.43072,8.59097,9.4227,8.10626,8.76665,5.90774,5.97359,8.30816,4.34663,9.00108,9.24252,9.38134,7.60387,8.90205,8.15986,7.09515,9.28896,8.91404,9.2757,6.42314,5.92919,6.79109,8.55761,6.42477,6.4184,8.77475,8.75369,9.14298,7.04845,8.93208,
0.586931,9.28274,0.766948,9.87242,2.47435,9.21282,6.44471,9.97406,9.05701,9.56614,5.39246,7.05086,8.52737,6.40101,7.23312,9.63739,8.94392,9.56232,5.79089,8.37641,3.70687,8.5961,9.0057,7.97077,8.75112,5.10864,6.80179,8.5142,4.05419,9.86048,9.03901,9.35132,7.45445,8.38484,8.1863,7.02588,9.83545,9.16212,9.35345,6.6394,5.35703,6.97403,9.02222,6.16558,6.88401,8.96935,9.09088,9.29153,7.47005,8.99135,
0.786994,9.58845,0.598211,9.76053,2.45668,9.15568,6.29279,9.99443,9.39429,9.53256,5.88728,6.7437,8.6646,6.36816,6.88974,9.61484,8.48897,9.50262,6.44644,8.37386,4.39279,8.77529,8.45844,7.93161,8.70953,5.30685,6.95213,8.72088,4.21931,9.75325,9.08943,9.16572,8.05939,8.31743,8.41996,7.03654,9.38182,9.32618,9.31479,6.85571,5.86573,7.52362,8.72358,6.20783,6.80442,8.71956,9.61878,9.29917,7.67274,9.0251,
0.643642,9.42631,0.766149,9.94718,2.30869,9.65011,7.00565,9.87312,8.91374,9.6237,5.98536,6.89644,8.55431,6.3922,6.95087,9.39539,8.93159,9.54651,6.49903,8.40598,4.41157,8.76206,8.76252,8.07591,9.1949,5.54451,6.65279,9.25671,4.30242,9.28428,9.91385,8.94346,7.9695,8.02481,8.09322,7.56898,8.95081,9.44286,9.44139,6.72833,6.45081,6.90408,8.92093,6.05844,7.03149,9.34946,9.0684,9.52223,7.45533,9.04333,
