0.373684,0.316641,0.291357,0.435351,0.390024,0.376604,0.584992,0.370717,0.426436,0.436968,0.434919,0.424197,0.392662,0.425103,0.417452,0.490572,0.380829,0.439517,0.393087,0.364254,0.331274,0.339836,0.244585,0.432924,0.375063,0.519248,0.460584,0.441707,0.311675,0.339955,0.422141,0.405409,0.375992,0.449864,0.375344,0.353525,0.373539,0.381944,0.414493,0.437484,0.436389,0.51835,0.395077,0.532336,0.332745,0.432799,0.393816,0.435083,0.396104,0.463268,
0.686671,0.51397,0.310493,0.656015,0.371795,0.724798,0.857156,1.26994,0.36412,1.22373,0.415384,0.434125,0.851015,0.809883,0.880206,1.16121,0.366432,1.31283,1.03494,1.19805,0.594698,0.337797,0.351655,0.778304,0.484954,0.867014,0.381246,0.978359,0.883913,1.27169,0.727615,1.11116,0.841977,0.416445,0.374818,0.42738,0.809029,1.10784,0.450072,0.8053,0.379103,0.798736,0.785105,1.29966,0.92117,0.463419,0.32809,0.806049,1.5971,1.27077,
0.499187,1.88074,0.403164,0.573824,0.443105,1.26916,0.468951,2.42125,1.22538,1.5562,0.344869,1.22462,1.33355,0.336645,0.870708,1.17004,1.9623,1.56856,1.74114,1.24274,0.675754,1.58455,0.964186,0.417839,0.450293,1.59649,0.392114,1.69348,0.400669,0.887982,1.32554,1.62762,1.20914,1.17441,1.24824,0.784606,0.405328,1.78129,0.862226,1.4298,0.753895,1.11059,0.947509,1.66708,0.885214,1.65927,1.47537,0.393435,1.62005,2.09234,
0.893471,2.03554,0.880578,1.62127,0.818699,2.29597,0.31966,2.77036,1.5509,1.63521,0.805832,1.13703,1.17416,2.01177,1.38723,1.65973,2.30315,1.55804,2.4041,0.925688,1.77633,1.07916,0.453205,1.26011,1.18305,1.75249,0.8531,1.67993,1.30138,1.55456,1.198,2.22707,1.10701,1.14601,1.29083,1.76171,0.826651,2.36844,1.1108,1.23794,1.72533,1.12811,0.807333,2.08659,0.464159,1.84098,2.55836,1.24121,1.53296,2.53895,
0.892421,1.63084,0.870919,2.59457,1.22363,2.52804,1.26441,2.84991,1.71325,1.55561,1.80037,1.42944,1.49988,1.91143,1.58398,1.60188,2.81291,1.57504,2.01024,1.84353,1.34044,2.11973,1.51087,1.79877,1.27975,1.62472,1.31524,1.22349,1.78571,2.02511,0.834926,3.33253,2.10506,0.74187,1.2257,2.20921,1.31571,3.24011,1.49903,1.61619,2.14522,1.49918,0.96831,1.89649,1.42074,2.28639,2.4886,2.28461,1.17786,2.67194,
1.16892,2.581,1.25287,2.81042,2.25751,3.22517,1.1468,3.44174,1.6459,2.01151,2.6211,2.44084,1.57012,2.62281,1.54727,1.51882,4.01234,1.50835,2.82858,1.88137,1.80273,3.04042,1.52269,2.20575,1.62841,2.29257,1.68074,1.97363,1.67001,2.15194,0.402224,2.87507,2.45529,1.75612,1.72706,2.07798,1.85526,3.09798,3.07725,2.07988,2.04049,2.50979,0.527689,2.21535,2.33719,1.98922,3.02749,2.19793,1.80976,2.9926,
1.22783,2.88493,1.21779,3.70365,2.15442,3.46799,2.74641,3.78347,2.37477,2.05313,2.9194,2.46294,1.93635,2.63348,1.47106,1.42931,4.41142,2.22097,3.23774,2.23868,1.64332,3.77005,1.22045,2.66987,1.92111,2.47466,2.20427,1.87489,1.46465,2.9624,1.34834,2.85904,2.92308,1.78287,2.55595,3.3501,1.84025,3.79824,2.56916,3.0411,2.03019,2.53711,1.41009,1.80704,3.42261,2.68822,2.93086,2.39641,2.15473,3.55483,
1.27999,3.54157,1.55805,3.65589,2.96699,3.57707,3.15496,4.49168,2.53922,2.11688,2.82096,3.1356,2.24672,4.40616,1.52267,1.36028,3.81936,2.22232,3.44239,2.61489,2.20344,4.02266,1.90136,3.0253,2.49763,2.89519,2.11537,2.38607,1.53649,2.87784,2.0812,3.74647,2.8336,2.13746,2.74597,2.87241,2.85789,3.64256,3.46647,3.38852,2.42214,3.36927,1.45775,2.36838,3.54931,3.58318,3.52737,2.35345,1.65399,3.13206,
1.19001,4.53885,2.6018,4.53653,2.79572,3.45727,2.62503,4.84031,4.00276,2.84629,3.28974,3.1278,2.61944,4.01861,1.94906,1.68425,3.88602,2.7092,4.3283,3.25573,2.83374,5.00959,2.28664,3.67677,2.03073,3.67923,2.3781,2.79751,2.08959,2.80436,1.57859,3.73944,3.21647,1.66456,3.4813,2.93698,3.87092,3.83778,3.80586,4.07894,2.84231,3.39404,1.4108,2.82404,3.66482,3.63045,3.7935,2.31909,1.82721,4.14171,
1.61398,4.78433,2.73796,5.44553,3.3615,4.00581,3.41465,5.14606,3.49219,3.34267,3.49824,3.23559,3.20941,4.31488,1.95144,1.48959,4.76572,2.35554,4.61306,4.60099,2.4343,5.30126,2.71449,4.36391,2.30423,4.14652,1.99041,2.97124,1.9678,3.15752,2.01001,3.7226,3.87772,1.61127,4.45642,3.24988,4.2729,4.89553,3.31414,4.14204,2.32781,3.37822,2.3969,3.76621,3.80168,3.70799,3.91974,2.72091,1.80454,5.00992,
1.98492,4.74505,2.48384,5.77311,3.40126,4.34108,3.79867,5.23032,4.22355,4.71411,3.75387,3.20685,3.68742,4.30698,2.84006,2.30262,5.24335,2.58943,4.9096,4.74757,2.43551,5.23031,3.29323,4.2594,2.6428,5.1366,2.07472,3.37752,1.96361,3.51917,2.71995,3.68635,3.6079,2.47153,4.09369,3.22959,4.40641,4.92723,4.07225,4.46035,3.5516,2.78755,2.80255,4.69639,3.73772,4.56967,3.9708,2.61021,2.41824,5.00988,
2.80249,5.32806,3.33656,5.83747,3.61144,4.65447,3.97397,5.75811,3.61992,5.5007,4.28737,3.23672,4.09152,4.22931,3.20302,2.88171,6.1608,3.00499,4.83424,5.08858,3.85575,5.47664,4.06355,4.45251,2.15157,5.5226,2.75322,3.49291,2.01007,3.36322,2.76552,4.03642,4.37817,2.48779,5.58843,3.12451,5.13932,5.46127,3.66424,4.69323,3.10612,2.81024,2.73549,5.2639,4.19583,4.87427,4.72639,2.51479,2.82002,6.2478,
3.14108,5.73346,3.12202,6.51423,4.2517,4.81229,4.17724,6.14227,4.41455,6.37886,4.63899,3.67185,3.73162,5.05462,3.56224,3.34901,6.78436,2.86309,4.99268,5.38516,3.91705,6.31623,4.08014,5.6796,2.14711,6.40494,2.63548,4.21918,2.06434,2.9234,3.20859,3.62707,4.34438,2.66526,5.88328,3.26998,5.02288,5.0956,4.72526,5.73617,4.19687,2.32749,2.96867,5.10232,4.77417,4.37615,4.38874,3.1447,3.29955,6.93985,
2.88629,6.49301,3.37078,6.51591,5.45355,5.75876,4.76072,6.49788,4.3579,7.07566,4.36333,3.76095,3.57507,5.33394,4.54014,4.06616,6.63734,2.32766,4.94508,5.82045,4.19281,7.16891,4.11531,6.53079,2.66743,6.6449,2.93965,3.84488,2.49151,3.0732,3.24043,4.84148,5.26459,2.75469,6.2714,3.49687,5.15849,6.42764,4.61451,5.76513,4.54092,2.09638,3.31876,5.42166,4.78872,4.8152,5.40279,3.72428,3.44377,7.27024,
2.79903,7.55664,3.76554,7.077,5.49717,6.00592,4.68048,6.59133,5.15515,7.30411,4.94431,4.90655,3.39747,5.07984,4.68788,3.93578,6.65327,3.57622,4.95547,7.08985,4.59719,8.00565,4.05628,6.31515,2.45162,6.54181,3.27328,3.9937,3.46527,3.17295,4.12834,5.25795,4.80634,3.43629,6.801,4.39343,5.54821,6.95703,4.94901,5.69182,5.25252,3.46393,3.31334,4.93008,4.86541,4.79636,5.94061,4.5702,4.72022,7.47803,
3.10538,8.08958,4.22331,8.34424,5.37321,6.05948,4.99255,7.36797,5.49624,7.18877,5.03298,5.34362,3.72912,5.95805,5.16388,4.28378,6.61938,4.52964,5.71048,6.56848,5.38863,8.47515,4.37151,6.21024,2.54707,6.08631,2.96488,4.58157,3.87505,3.78078,4.84224,5.66099,5.55715,3.13598,6.80022,4.70721,6.0215,6.87823,6.07747,5.94811,4.7134,3.67857,3.41529,5.24749,5.15654,5.78748,6.03838,5.54655,4.88312,7.06843,
3.48066,8.84747,5.58545,8.60533,6.22809,6.06452,4.61006,7.77067,5.69387,7.41653,5.50859,5.89088,4.00272,6.84348,5.47167,4.63619,7.02197,4.68315,6.23362,7.45523,5.51295,8.15679,4.40967,6.1583,2.85756,6.75045,2.87231,4.99427,4.49009,3.99204,4.96408,5.2785,5.24099,2.61217,6.89991,5.9994,6.82854,7.32704,5.64274,5.57841,5.5694,4.56477,4.10812,5.27299,5.19273,6.284,6.59776,5.33704,5.21069,7.16026,
3.64566,9.06143,5.3594,8.71061,6.27305,6.23411,5.14718,8.10307,5.97496,8.69479,5.97222,5.92944,4.14646,7.69331,5.68651,4.97677,6.58104,4.93772,5.87609,7.99194,5.51826,8.40832,5.16063,6.16872,3.40724,7.01954,2.75359,5.53105,4.38467,3.91223,5.77563,5.06117,5.54973,3.16971,7.14012,6.06391,6.86044,7.75467,6.24104,5.55647,6.108,4.97717,4.106,5.67775,5.66411,6.0805,6.88758,6.52557,6.16652,7.4001,
4.33828,9.80329,5.72559,9.49764,6.31353,6.2253,5.91036,8.42892,6.14421,8.72165,6.41868,5.89078,4.56547,8.33519,6.04674,5.49796,5.96625,4.88916,5.83881,8.2268,5.83675,9.58722,5.3769,6.39314,2.82238,7.0933,2.95235,4.99376,5.1866,4.78506,5.28204,5.47389,6.78151,3.55217,8.75236,6.04629,6.38123,7.78653,5.8723,6.49185,6.14246,6.02646,4.39473,6.17634,5.58524,6.58855,7.37999,6.75597,6.59646,7.02082,
4.90935,9.71108,6.10122,9.25732,6.35086,6.58504,5.93103,8.742,6.18741,9.11801,6.70079,6.64782,5.15413,8.86963,7.11577,5.87013,6.37984,6.05205,5.44566,8.04602,5.34743,9.99535,4.89269,7.05954,2.89096,6.6375,3.45512,5.45914,5.96273,5.99882,5.56766,5.58047,6.42529,3.74286,8.6322,7.19661,7.11225,8.99329,6.41624,6.64343,6.19561,5.55821,4.72743,6.21156,5.93772,6.92511,7.99595,6.65136,7.22591,7.00098,
5.06233,9.80929,6.65873,9.62755,6.71389,7.68054,5.49026,9.28425,6.1631,9.36572,7.5944,7.01221,5.34304,8.91818,7.27564,6.10734,7.05703,5.90139,6.43649,8.46823,5.07371,9.55649,4.58597,7.10392,3.5204,6.88796,3.58595,5.49315,5.72727,5.86913,6.47424,6.32996,7.48232,4.97245,8.7643,7.0547,7.12365,8.49117,6.8463,7.64636,6.166,6.58726,4.69434,6.70868,6.97445,7.93734,7.89728,7.20594,7.22906,7.04978,
4.99004,9.84418,6.70709,9.64316,6.65556,7.76495,5.8142,9.72336,6.58565,9.77203,8.09109,7.12047,4.88103,8.82828,7.35509,6.46605,7.12775,5.85316,7.17081,8.9256,5.25026,9.21093,5.30907,7.54024,3.52946,7.59466,3.97581,5.87217,6.04318,5.48977,6.50034,6.72906,7.89245,5.1617,9.16021,7.7935,7.05387,9.20275,7.09484,7.33525,6.06914,6.95118,4.30863,6.93267,7.80069,8.59469,7.68204,7.63778,7.49086,7.24895,
5.81229,9.77241,6.87485,9.73459,6.98473,8.43588,6.54742,9.56437,6.88691,9.73495,8.7472,7.12888,4.88559,8.71218,7.39586,7.26545,7.81687,6.86367,7.95264,9.10041,5.33494,9.76625,5.17747,8.05055,4.04207,7.79157,4.79407,5.70722,5.65868,6.25566,6.43546,6.6456,8.74937,5.20539,8.77885,8.09867,8.4475,9.26167,7.04715,8.08118,6.51661,7.42057,5.14109,7.43137,7.45482,9.23302,7.10192,7.58778,8.23673,7.79221,
6.3902,9.62402,6.9401,9.7214,6.78135,8.81612,7.00532,9.86708,7.35463,9.24895,9.35433,7.53684,4.96314,9.01841,6.96523,7.26627,8.36546,7.2607,8.33009,8.90516,5.42296,9.3779,4.80377,8.91648,4.66412,8.75096,6.24797,5.14197,6.17581,6.16045,6.31419,8.06484,9.22811,5.86457,8.87061,8.58117,8.56526,9.15938,7.22424,8.31617,6.12091,7.68377,5.1272,8.32015,7.85755,9.64858,7.61019,7.23546,8.64685,8.23253,
6.21638,9.97962,6.74243,9.79373,6.70292,9.89189,7.29026,9.36602,7.43968,9.2638,8.93851,7.87909,6.19257,9.4009,7.33787,7.70174,8.43108,7.44196,9.07026,9.66264,5.46235,9.68976,5.95897,8.96338,4.30127,8.70356,5.8609,5.38432,7.30001,6.58556,6.16685,8.5142,9.74189,7.1147,8.45245,8.51669,9.12438,8.72404,7.88587,8.38167,6.11305,7.93665,5.4997,8.79123,8.29222,9.22936,7.90887,7.36384,9.07379,8.88431,
5.85319,9.63604,6.66425,9.73303,7.01953,9.3849,7.65663,9.21616,7.86049,9.62838,9.30983,7.79823,7.19049,9.42343,7.1299,8.01111,8.44971,8.29312,9.39444,9.61356,6.39001,9.66857,6.2637,9.532,4.29536,9.14839,6.21169,4.89065,7.77131,6.89821,6.55413,8.96532,9.60954,7.62251,9.1019,8.80755,9.45925,8.68626,7.85835,9.41215,6.49661,8.56079,5.95055,9.60837,8.46217,9.74036,8.75844,6.9483,9.56183,8.89496,
5.75093,9.66922,7.17148,9.83608,7.81255,9.79963,7.51957,8.77467,8.04977,9.26138,9.1871,8.27048,7.21974,9.02285,7.80462,8.30262,9.25543,8.37976,9.62051,9.97984,6.26345,9.14861,6.07309,9.95875,4.68613,9.73106,6.6072,5.20361,8.04648,6.34742,7.17696,9.25587,9.95892,8.02689,9.17008,8.78195,9.13232,9.9255,8.2958,9.74317,7.7052,8.52023,5.65921,9.67822,7.98766,9.20899,8.68865,7.59913,8.91795,9.17541,
5.30529,9.99529,7.54679,9.62092,8.15362,9.7661,7.61992,9.13269,7.71786,9.37456,9.49907,9.51713,7.95435,9.35289,7.85444,8.62589,9.13019,8.86862,9.72937,9.70997,6.25523,9.19909,6.91883,9.39754,5.0639,9.76152,7.21754,5.14841,8.35546,5.91104,7.59247,9.44514,9.58481,7.9055,8.982,9.43033,9.45371,9.89179,9.0968,9.26674,7.91136,8.16284,6.36799,9.42163,9.14888,9.26698,8.9224,7.52316,9.09617,9.16816,
5.70754,9.98721,8.37176,9.25674,8.56132,9.70712,8.583,9.56869,8.22941,9.30007,9.20562,9.01824,7.85362,9.3912,7.77885,9.41224,9.68616,9.10232,9.68764,9.73126,6.89586,9.56725,6.89763,8.9592,6.27572,9.84421,7.23306,5.31477,8.46754,6.31083,8.19792,9.36314,9.65426,9.00961,9.76611,9.35368,9.37418,9.47847,8.67248,9.92349,7.97246,9.23546,6.50769,8.87811,9.74282,8.67076,8.79038,7.45455,9.19456,9.11773,
5.71412,9.7467,9.15369,9.65399,8.97476,9.62153,8.30479,9.65452,7.82739,9.34323,9.08303,9.68268,8.82526,9.56764,8.1932,8.99447,9.39376,9.94423,9.97671,9.91958,7.43265,9.59717,7.05658,9.36585,6.34302,9.79941,6.84431,5.27916,9.02246,6.762,9.26655,9.84735,9.8753,8.91037,9.70269,9.01656,8.85606,9.45976,8.41408,9.53941,8.82678,9.6548,7.69069,9.15419,9.82856,8.9941,9.36,7.38257,9.49498,8.97928,
5.81624,9.86404,9.38079,9.77706,9.03643,9.35447,8.78635,9.2476,9.15081,9.41296,9.01372,9.08638,8.41525,9.02229,8.45727,9.05185,9.19558,9.76634,9.63532,9.55655,7.53031,9.11184,7.46761,8.95901,7.35003,9.35947,6.93727,6.09132,9.50047,7.59146,9.70627,9.91413,9.51896,8.58519,9.32544,9.87666,9.30779,9.28679,9.00154,9.52932,9.4536,9.68031,7.67403,9.70222,9.6427,8.91892,9.40545,7.20592,9.66241,8.80367,
5.99104,9.97289,9.25169,9.77179,9.16125,9.61502,9.41756,9.30264,9.47185,9.04197,8.52201,9.3621,8.40476,9.47661,8.45661,9.44552,9.31286,9.79878,9.98349,9.64606,7.50575,9.19613,7.0424,9.24418,8.12172,9.31453,8.07607,5.70196,9.51476,8.10184,9.97431,9.76839,9.62152,8.98286,9.31332,9.99746,9.49496,8.8921,8.57691,9.59335,9.49051,9.4362,8.38533,9.28189,9.1913,9.28736,9.40359,7.96806,9.77614,9.06132,
6.51623,9.89734,9.29928,9.28363,9.26142,9.57922,8.91204,9.58578,8.80139,9.8956,9.84136,9.19507,8.82858,9.93112,8.49986,9.54998,9.68283,9.69517,9.59042,9.26363,7.49932,9.54949,7.75023,9.13216,8.23141,9.76159,8.1461,5.78323,9.52943,7.83042,9.57654,9.5758,9.15983,9.40054,9.41346,9.83286,9.46238,9.30372,9.47611,9.15705,9.45471,9.35593,7.91719,9.63696,9.98844,8.96408,8.88236,7.60851,9.27071,9.10176,
6.10084,9.8394,9.31373,9.21393,8.96725,9.82614,9.2749,9.90538,9.51666,9.85114,9.51226,9.13626,8.25003,9.32356,8.60161,9.53552,9.27394,9.57807,9.53952,9.94936,7.75496,9.44571,7.75618,9.63864,8.7411,9.22103,9.3965,5.37251,9.43854,7.97077,9.55789,9.95514,9.01085,9.856,9.56123,9.87375,8.93666,9.25086,9.54379,9.29694,9.34609,9.68893,8.08833,9.50925,9.64517,8.86739,9.73436,8.11936,9.29645,8.95091,
6.15264,9.96184,8.71157,9.63396,9.03302,9.78558,8.71619,9.66552,9.89426,9.40687,9.61372,8.8732,7.69887,9.29534,9.30949,9.18831,9.69227,9.78103,9.36456,9.63496,7.43448,9.27457,8.86803,9.32023,9.04338,9.46426,8.98536,6.21623,9.53627,8.2495,9.14996,9.62842,9.35809,9.46389,9.6269,9.75346,9.66429,9.18816,9.66013,9.22147,8.92424,9.64461,8.48277,9.47257,9.70584,9.54552,9.93514,8.25035,9.31198,8.89733,
6.35131,9.98117,9.21151,9.62946,9.06765,9.80626,8.64347,9.81397,9.58447,9.41428,9.10673,9.26498,7.26446,9.62609,9.3057,9.5637,9.28048,9.32073,9.61563,9.51488,7.64103,9.62445,9.2218,9.68028,8.65615,9.42816,9.28082,5.76551,9.66164,8.18782,9.58483,9.58499,9.938,9.49121,9.76179,9.30867,9.58774,9.7641,9.57457,8.82447,9.55037,9.76064,9.51012,8.96613,9.73539,9.61627,9.93003,7.93523,8.80959,8.36561,
6.34039,9.95796,8.77033,9.63739,9.34881,9.80859,8.67235,9.71711,9.13029,9.48155,9.10951,9.32313,7.80537,9.48567,9.00124,9.60597,9.58091,9.60588,9.74314,9.40516,7.91053,9.56343,9.75863,9.62173,8.67811,8.76633,8.8469,5.86369,9.64454,8.01687,9.89151,9.12113,9.38942,9.35044,9.22179,8.96579,9.6118,9.64489,9.5898,9.24951,9.62962,9.65056,9.73668,9.60495,9.82381,9.44572,9.9388,8.9452,8.71969,9.04278,
6.17759,9.96141,8.8152,9.20152,8.89806,9.82358,9.50322,9.72049,9.14427,9.37445,9.53758,9.14139,8.36385,9.61047,8.82431,9.11325,9.08058,9.06318,9.69607,9.46773,8.73482,9.67919,9.40806,9.6515,8.26465,8.48028,9.49697,6.74389,9.17018,8.28287,9.66956,9.38853,9.42651,9.45655,9.68526,8.83073,9.38157,9.79467,9.91427,9.39409,9.55153,9.82428,9.53974,9.75195,9.26548,9.01565,9.97399,8.97442,8.83865,9.09086,
6.01521,9.41891,8.78578,9.59897,9.08287,9.59024,9.69471,9.5389,9.4994,9.73808,9.55698,9.67808,7.84073,9.73355,8.8382,9.39354,9.58371,8.99876,9.56473,9.33815,9.98378,9.91307,8.90303,9.31598,7.8639,8.77964,9.34958,7.60511,9.67941,7.89533,9.92422,9.10112,9.5574,8.87619,9.21017,9.34771,9.95358,9.82557,9.38037,9.01067,9.44969,9.7652,9.96261,9.57638,9.56235,8.65858,9.66176,8.60252,9.36776,9.2958,
6.54496,9.45954,8.69275,9.72661,8.99124,9.62938,9.62862,9.70981,9.42994,9.65027,9.19807,9.8548,7.96794,9.3174,8.78565,9.16584,9.55977,9.64463,9.1246,9.11752,9.49024,9.85668,9.82648,9.53187,8.30677,9.18154,9.46491,7.59917,9.19525,8.29352,9.89049,9.77211,9.44119,9.38955,9.6907,9.78247,9.4674,9.82203,9.02365,9.13232,9.38415,9.2235,9.95241,9.05576,9.8707,8.88146,9.74326,9.20531,8.8447,8.89283,
6.36331,9.61994,8.79093,9.57317,8.41705,9.52573,9.13815,9.80908,8.84262,9.78783,9.50146,9.95651,8.0273,9.11843,9.3144,9.13183,9.46795,9.62999,9.09425,9.59931,9.05031,9.72447,9.84194,9.46434,8.67818,9.08566,9.51427,8.24217,9.371,8.702,9.83713,9.40827,9.45516,9.4686,9.63056,9.37977,9.60516,9.95226,9.1014,9.44595,9.28294,9.31581,9.5418,9.49097,9.86668,9.19264,9.64555,9.02448,9.21913,9.26793,
6.29253,9.67647,9.22389,9.82551,9.61853,9.71527,9.08335,9.86719,8.82215,9.80281,9.48202,9.81185,8.32587,9.23528,9.15733,9.46986,9.61631,9.83104,9.21234,9.48863,8.57949,9.48637,9.9429,9.65421,9.75956,8.67807,9.58512,8.32074,9.27882,9.37651,9.89649,9.32597,9.76324,9.19194,9.27712,9.47406,9.69574,9.93294,9.0109,9.24437,8.61638,9.36217,9.58694,9.05912,9.86783,9.81372,9.6056,9.21095,8.73748,9.2122,
6.48409,9.95751,8.88975,9.85914,9.04031,9.24993,8.98216,9.99862,9.05333,9.25671,9.52451,9.7889,8.33943,9.23969,9.37664,9.82933,9.64705,9.99702,8.75225,9.35733,9.03384,9.46333,9.58979,9.58617,9.85738,9.08113,9.58653,8.292,9.64436,9.37951,9.9858,9.72019,9.28561,9.76114,9.25387,8.95568,9.0888,9.79355,9.48588,9.07956,8.94558,9.86896,9.88491,9.29177,9.79833,9.28562,9.82255,8.63286,8.46116,9.19258,
6.12548,9.94975,8.50518,9.82994,9.61627,9.7217,9.18078,9.51088,9.25553,8.92927,9.45064,9.8771,9.27458,9.41686,8.8012,9.7753,9.47644,9.62244,8.9889,9.3676,8.4478,9.82944,9.24274,9.61156,9.75826,9.38112,9.47673,8.67708,9.7412,9.82482,9.88106,9.38779,9.14279,9.35831,9.71783,8.88125,9.46003,9.26386,9.3427,9.34599,8.98485,9.54561,9.69812,9.90865,9.79166,9.98027,9.8909,8.56374,8.14975,8.81014,
5.74492,9.72023,9.36949,9.76592,9.3777,9.69493,9.18495,9.9498,9.75703,8.47733,9.52353,9.89619,9.01088,9.44529,9.04814,9.73439,9.46035,9.68154,9.03389,8.96561,8.16788,9.26611,9.74198,9.90263,9.19498,9.51005,9.5614,9.06217,9.42073,9.64675,9.41333,9.58957,9.56317,9.3018,9.71964,9.25929,9.84344,9.33513,9.31321,9.50033,9.02122,9.71093,9.64691,9.64545,9.37381,9.68664,9.83881,8.43595,8.48828,9.05862,
6.09837,9.78209,9.04038,9.75591,8.9913,9.73594,9.33589,9.98675,9.65256,8.81238,9.12383,9.6436,9.84377,9.00455,9.65113,9.89561,9.59222,9.76874,8.72282,9.74268,8.2394,9.82422,9.12418,9.2821,9.7923,9.42918,9.48766,9.55796,9.85183,9.79416,9.00545,9.80289,9.7865,9.16232,9.71073,9.64167,9.66923,9.44252,9.67064,9.15077,9.75202,9.99022,9.63778,9.79748,9.78056,9.52534,9.90998,8.91098,8.08804,9.01604,
6.49452,9.27958,8.52985,9.85113,9.04981,9.95613,9.7564,9.66645,9.66992,8.83405,9.05389,9.60454,9.98737,9.38572,9.31169,9.47113,9.83392,9.75407,8.36042,9.5036,8.36922,9.68002,9.54465,9.92376,9.68169,9.93386,9.50431,8.98525,9.96215,9.71287,9.35285,9.7803,9.89094,9.55952,9.68498,9.2759,9.6663,9.50873,9.61164,9.39015,9.35151,9.65849,9.7941,9.74697,9.48311,9.76932,9.27977,9.08804,8.49789,9.08978,
6.87337,9.69969,9.04217,9.87324,8.99505,9.66677,9.32598,9.60777,9.25042,9.66708,9.55408,9.95142,9.75228,9.93754,9.218,9.37745,9.56801,9.71313,8.12533,9.65661,8.40073,9.52736,9.6141,9.89284,9.50937,9.37083,9.52984,9.25704,9.81068,9.33053,9.41344,9.72706,9.84109,9.64727,9.70239,9.51606,9.73527,9.04075,9.8172,8.98383,9.57849,9.36092,9.96054,9.58512,9.60302,9.95555,9.75648,9.14549,7.99338,8.81302,
6.45217,9.68365,9.32295,9.81806,9.14044,9.66461,8.91461,9.66437,8.86532,9.60421,9.17072,9.85168,9.26611,9.87675,9.36541,9.59445,9.73523,9.93757,9.44625,9.55012,8.98477,9.81149,9.66317,9.78949,9.01294,9.98773,9.25195,9.71499,9.9246,9.03575,9.82023,9.99291,9.99202,9.25488,9.26881,9.48505,9.60347,9.93827,9.52454,9.96725,9.76382,9.43563,9.94442,9.37217,9.99519,9.65314,9.68774,8.72088,7.39677,8.98997,
6.13956,9.91214,9.36803,9.85822,8.6925,9.82284,8.36195,9.52669,8.84821,9.94372,9.15411,9.42428,9.29633,9.47427,9.32606,9.8207,9.79431,9.99441,9.01813,9.66023,8.55241,9.67082,9.6314,9.64367,9.54134,9.65852,9.13603,9.44545,9.80319,9.5819,9.79042,9.75497,9.66471,9.22103,9.21797,9.67564,9.70046,9.76813,9.33535,9.83364,9.42817,9.0724,9.81077,9.35393,9.65641,9.7396,9.66778,9.67986,7.40534,9.00174,
5.73128,9.96211,9.30726,9.86496,8.76435,9.38397,8.58787,9.37626,8.85447,9.71763,8.77045,9.26178,9.45056,9.4585,9.54893,9.4765,9.87526,9.91943,9.36707,9.30668,8.29572,9.27765,9.57808,9.46042,9.24399,9.65734,9.51945,9.35179,9.86292,9.12947,9.91133,9.19236,9.56234,9.68833,9.58806,9.44935,9.33141,9.83166,9.62847,9.87094,9.75696,8.71899,9.81788,9.39366,9.89837,9.98885,9.49828,9.35533,8.40659,8.90464,
5.11751,9.70082,8.8494,9.83147,9.50107,9.58905,9.76661,9.20671,8.49992,9.73319,8.70468,9.32973,9.0606,9.78958,9.36418,9.74774,9.95328,9.24416,9.25819,9.23834,8.7647,9.82409,9.78839,9.38812,9.39861,9.63751,9.09098,9.66828,9.69536,9.14707,9.59504,9.34898,9.45637,9.67279,9.24243,9.82396,9.38449,9.4211,9.73778,9.87814,9.8191,9.15295,9.86493,9.10631,9.61043,9.94313,9.69081,9.07895,9.39783,8.99544,
5.43627,9.97552,8.82579,9.34045,9.16341,9.70344,9.34335,9.96533,9.18111,9.59546,9.13965,9.18764,9.14547,9.40679,9.52496,9.72228,9.61278,9.60352,9.44053,9.13747,9.48359,9.99284,9.35288,9.66224,9.33364,9.76137,9.28213,9.75374,9.65672,9.9694,9.84237,9.31033,9.18634,9.61074,9.63206,9.81671,9.52121,9.49504,9.6541,9.75979,9.65347,9.45269,9.53967,8.66525,9.3982,9.97318,9.28655,9.0575,9.12811,9.09357,
6.44105,9.68449,8.82681,9.47809,9.22196,9.49902,8.81531,9.89657,9.22265,9.7556,9.05737,9.16349,9.46983,9.40974,9.60378,9.92057,9.14662,9.8174,9.51032,9.1745,9.3668,9.57416,9.91464,9.13952,9.464,9.60317,9.10351,9.74281,9.72523,9.42355,9.64275,8.96983,9.74077,9.65098,9.86425,9.83552,9.60353,8.95105,9.76533,9.83278,9.62705,9.76102,9.61337,8.75699,9.37794,9.79151,9.10705,8.80606,8.69815,8.92492,
6.60868,9.32539,9.0121,9.09035,9.89046,9.99786,9.15462,9.72959,9.40923,9.67838,8.6588,9.74825,9.2197,9.30492,9.99184,9.56641,9.44751,9.6994,9.22584,9.77344,9.24506,9.7726,9.79024,9.02589,9.78981,9.32462,9.62168,9.69405,9.83724,9.25404,9.12133,9.55073,9.35934,9.2763,9.64705,9.72868,9.51608,8.83281,9.78379,9.89079,9.53899,9.20368,9.74987,9.32774,9.34381,9.43614,9.6097,9.80882,9.07684,8.97553,
7.21761,9.57351,9.82126,9.22092,9.90955,9.60905,9.16264,9.76213,9.66913,9.79261,9.31142,9.84382,8.65213,9.45326,9.7664,9.70704,9.94555,9.68475,9.78862,9.97374,9.28272,9.85714,9.68501,9.4607,9.81904,9.75035,9.53157,9.9722,9.76278,9.77582,9.45192,9.58576,9.74131,9.20359,9.82723,9.89666,9.42675,9.37337,9.81549,9.93167,9.57379,9.07865,9.78441,9.13208,9.41231,9.5755,9.10039,9.49626,9.09262,8.99251,
7.61524,9.73215,9.68399,9.86647,9.86344,9.59582,8.79846,9.7727,9.58919,9.72552,9.4975,9.76129,8.93461,9.81438,9.81935,9.65527,9.88584,9.65236,9.85888,9.57106,8.66112,9.92512,9.67783,9.26391,9.95052,9.45536,9.99038,9.37627,9.78852,9.84251,9.45339,9.31968,9.7154,9.78471,9.61714,9.77951,9.90806,9.62069,9.59105,9.66132,9.33526,9.26662,9.44628,9.7279,9.46755,9.67115,9.44083,9.08909,9.04373,9.04355,
7.50283,9.60287,9.16771,9.95295,9.94599,9.79482,8.65297,9.72985,9.89999,9.71084,9.60466,9.26165,9.33507,9.74246,9.70562,9.60118,9.97218,9.8029,9.80158,9.99817,8.20462,9.80361,9.67475,9.75234,9.95092,9.47283,9.87471,9.33158,9.41599,9.96801,9.64839,8.79293,9.96552,9.72711,9.75223,9.91641,9.92853,9.55109,9.41067,9.90519,9.40094,9.09212,9.91934,9.63232,9.90004,9.75278,9.06836,9.11109,9.40366,8.94816,
7.16361,9.74943,8.59082,9.85933,9.71837,9.90773,8.2871,9.73747,9.90135,9.65885,9.56823,8.77693,9.31727,9.75744,9.68262,9.89299,9.43631,9.97332,9.90708,9.66686,8.86935,9.41496,9.76868,9.74131,9.94736,9.42348,9.8996,9.92841,9.65397,9.88675,9.71982,8.65334,9.85486,9.79692,9.68573,9.39248,9.96132,9.55213,9.64165,9.54214,9.61031,9.64101,9.61737,9.69318,9.88671,9.62813,8.94503,9.38977,8.94774,8.707,
6.9024,9.76319,8.46981,9.95976,9.6839,9.97024,8.76781,9.58542,9.61818,9.76081,9.93914,9.52419,9.24273,9.36808,9.78155,9.79495,9.82438,9.99707,9.79418,9.70213,9.16922,9.98698,9.63315,9.6059,9.67854,9.63013,9.92861,9.45066,9.99762,9.66009,9.74918,8.55929,9.86607,9.85706,9.61004,9.20026,9.85341,9.57322,9.86952,9.65309,9.79555,9.46849,9.6525,9.71214,9.79666,9.51222,9.70822,9.41587,9.00481,8.97552,
7.40581,9.68874,7.94742,9.98827,9.35489,9.62306,8.76198,9.83459,9.47152,9.82199,9.57225,9.64682,9.55595,9.59597,9.92663,9.7877,9.98787,9.73138,9.69082,9.961,9.08875,9.74058,9.94409,9.80871,9.55044,9.89646,9.54005,9.08387,9.78977,9.64691,9.67959,8.34492,9.80662,9.80724,9.70726,9.27005,9.94906,9.54925,9.61474,9.78334,9.77879,9.24738,9.61069,9.78447,9.872,9.57771,9.60066,9.38094,8.9209,9.03592,
7.78481,9.75681,8.8507,9.72585,9.11124,9.19682,8.32697,9.77913,8.96427,9.78698,9.17149,9.78509,9.73437,9.73661,9.64345,9.65804,9.96855,9.68718,9.73145,9.5537,9.48762,9.5377,9.95035,9.67992,9.6363,9.99085,9.00652,9.57751,9.42801,9.2677,9.75421,9.40555,9.82074,9.89153,9.33489,9.0488,9.77936,9.93956,9.65561,9.51785,9.92559,9.19026,9.16727,9.75058,9.63652,9.74623,9.93045,8.99933,9.28358,9.15969,
8.20517,9.768,8.97317,9.72082,8.5712,9.22814,8.85636,9.60795,9.07167,9.73692,9.20084,9.80026,9.66067,9.78921,9.6639,9.98517,9.95978,9.40217,9.78689,9.6454,9.77057,9.52534,9.56529,9.67474,9.9221,9.60055,9.35295,9.71973,9.23552,9.47575,9.80814,9.26361,9.83958,9.77562,9.44234,8.68508,9.61763,9.84621,9.99651,9.65973,9.94878,9.11906,9.2464,9.64497,9.5278,9.90495,9.9893,8.65121,9.65419,9.17227,
8.94009,9.98676,8.84785,9.79296,8.66382,9.217,9.35982,9.75926,9.04273,9.85163,9.64477,9.92265,9.70715,9.9355,9.68145,9.76905,9.82767,9.11636,9.85378,9.76977,9.83971,9.50074,9.64986,9.76565,9.902,9.65766,9.74236,9.82216,9.77841,9.35997,9.79461,9.09321,9.96352,9.64624,9.43357,9.69918,9.51596,9.8842,9.65333,9.91497,9.89838,9.24305,9.45419,9.67943,9.97744,9.82281,9.71242,8.91219,9.22749,9.06267,
8.29292,9.92515,9.32696,9.63563,8.63297,9.70431,9.74889,9.71924,9.09117,9.99225,9.75953,9.83403,9.62629,9.39904,9.89182,9.74662,9.6057,9.87405,9.90479,9.85583,9.42805,8.95378,9.77882,9.82572,9.56911,9.66141,9.71942,9.73886,9.32463,9.17224,9.94094,9.92967,9.82135,9.82823,9.24892,9.92575,9.71436,9.60242,9.60017,9.81299,9.73804,8.99851,8.97483,9.76865,9.66397,9.98147,9.48856,9.13442,9.24424,8.91507,
8.30525,9.98064,8.75544,9.23714,8.24431,9.79224,9.49202,9.96068,9.10613,9.86372,9.74572,9.75403,9.82684,9.39718,9.51137,9.70894,9.59608,9.87698,9.41518,9.97153,9.88662,8.87649,9.84222,9.71881,9.39447,9.71401,9.91907,9.69747,9.17011,9.80887,9.63455,9.7348,9.91106,9.57724,9.18632,9.76992,9.91941,9.37722,9.72533,9.74331,9.80429,8.73924,8.84026,9.89285,9.71684,9.46316,9.58249,9.25118,9.48804,9.08908,
8.22282,9.96467,9.03182,9.55162,8.62388,9.92042,9.6422,9.93241,9.05514,9.69954,9.968,9.65382,9.9642,8.88545,9.554,9.64937,9.23314,9.48317,9.54542,9.87463,9.85933,9.60123,9.9835,9.04904,9.86479,9.57309,9.58714,9.83324,9.37786,9.82318,9.67258,9.46133,9.86904,9.99431,9.74485,9.5093,9.71071,9.72408,9.80212,9.29678,9.94347,9.26821,9.33722,9.86318,9.75266,9.91345,9.82495,8.94681,9.52781,8.88042,
8.55296,9.9644,9.02865,9.47527,9.06505,9.77656,9.77993,9.83978,8.85536,9.80318,9.59802,9.68558,9.92102,8.72492,9.8849,9.67928,9.21667,9.70178,9.45469,9.6335,9.96898,9.89058,9.78451,9.89815,9.97015,9.52471,9.68042,9.81608,9.40259,9.72672,9.97106,9.51221,9.42611,9.94557,9.79559,9.38897,9.80013,9.73628,9.90852,9.20021,9.94356,9.48302,9.30396,9.99264,9.53765,9.4369,9.9633,8.77069,9.58618,9.22614,
8.0077,9.81603,8.94823,9.64157,8.98212,9.73282,9.65669,9.77533,9.63375,9.3927,9.82765,9.573,9.6776,8.67044,9.49983,9.8804,9.71187,9.9695,9.3964,9.49212,9.91634,9.96496,9.95203,9.52553,9.65423,9.38782,9.82569,9.93549,9.7185,9.37265,9.72922,9.62334,9.70645,9.75745,9.62021,9.92345,9.83224,9.84006,9.7248,9.5968,9.72948,9.61666,9.4632,9.44687,9.90665,8.75658,9.94121,8.92107,9.64681,8.90495,
7.94524,9.72985,9.5803,9.59533,8.87693,9.64995,9.27581,9.97223,9.6907,8.75327,9.87979,9.67348,9.26707,9.38486,9.96278,9.99328,9.78049,9.32971,9.76758,9.68971,9.64741,9.81617,9.93576,9.71912,9.70108,8.96882,9.76031,9.66108,9.72907,9.51561,9.61674,9.50477,9.23739,9.87717,9.68641,9.96537,9.52652,9.89687,9.32021,9.44014,9.78654,9.56441,9.83641,9.16309,9.43043,8.78463,9.97424,9.24998,9.16245,9.04361,
8.27357,9.66939,9.3765,9.29333,8.36902,9.65154,9.61834,9.99437,9.5895,8.5392,9.83131,9.87122,9.26221,9.59938,9.66497,9.98068,9.72287,9.88171,9.62102,9.12254,9.2526,9.8899,9.77204,9.71346,9.29892,9.22232,9.82267,9.68645,9.79987,9.81175,9.17217,9.66026,9.25685,9.76841,9.71899,9.78564,9.52981,9.87658,9.24663,9.46046,9.43719,9.61031,9.98359,9.82796,9.26879,8.69223,9.69749,9.95881,9.09026,9.12722,
8.51663,9.5959,9.44509,9.5051,9.0721,9.9591,9.60315,9.648,9.52343,8.91946,9.7762,9.36515,9.24926,9.85647,9.74246,9.57728,9.70537,9.7946,9.96843,9.94647,9.30067,9.81837,9.77655,9.85943,9.76869,9.65428,9.98118,9.63982,9.81544,9.6555,9.21782,9.73022,9.28305,9.397,9.9734,9.8095,9.71667,9.6381,9.87307,8.90184,9.43241,9.55449,9.88949,9.83645,9.19381,8.4449,9.64216,9.55674,8.65114,9.08246,
8.53398,9.90249,9.64978,9.94145,8.75302,9.80605,9.59649,9.78048,9.90887,9.04413,9.72374,9.933,9.38587,9.80749,9.65685,9.61223,9.75731,9.82022,9.78417,9.85365,9.46763,9.94206,9.84188,9.82898,9.66856,9.25955,9.92305,9.69292,9.97348,9.63094,9.46221,9.98092,9.67672,9.91199,9.6852,9.90329,9.84063,9.73614,9.87545,9.58618,9.21814,9.93299,9.89699,9.8424,9.68089,8.35274,9.90226,9.61548,9.45804,8.91384,
8.68629,9.8,9.29467,9.67422,8.59176,9.78162,9.48281,9.79115,9.58805,9.97164,9.33063,9.49785,9.46815,9.79966,9.48475,9.49443,9.68103,9.94445,9.64953,9.60495,9.92509,9.51742,9.76115,9.98344,9.2155,9.7955,9.79883,9.60871,9.8152,9.56652,9.572,9.63776,9.55923,9.6432,9.843,9.9762,9.73438,9.67315,9.76718,9.53258,9.70264,9.84916,9.79366,9.66167,9.68014,8.51106,9.78351,9.20533,9.43535,9.03197,
8.2858,9.94861,9.54338,9.95564,9.17906,9.98341,8.96813,9.99989,9.49889,9.69409,9.45965,9.31869,9.61126,9.77365,9.48536,9.61924,9.76565,9.91501,9.92785,9.55628,9.97015,9.62803,9.86497,9.74902,9.18806,9.66988,9.70812,9.67085,9.87658,9.19352,9.8942,9.71032,9.65992,9.27655,9.34211,9.71807,9.92083,9.68543,9.74986,9.42339,9.6117,9.77533,9.81909,9.30981,9.89137,9.83319,9.74811,9.05811,9.40848,9.1747,
8.37057,9.91855,9.45698,9.94828,8.96259,9.95317,9.23242,9.88173,9.55244,9.76205,9.40518,9.83877,9.18125,9.82971,9.76164,9.26626,9.75415,9.8736,9.86443,9.60837,9.99248,9.48625,9.45631,9.86133,9.14148,9.61732,9.5461,9.28356,9.97938,9.78213,9.80056,9.64819,9.61897,9.8276,9.32137,9.62117,9.96825,9.68447,9.62842,9.77066,9.61317,9.77878,9.90029,9.26374,9.84554,9.76123,9.32833,9.75303,9.14609,9.11652,
8.0495,9.88093,9.11419,9.60971,8.84093,9.83389,9.60467,9.67553,9.93025,9.89825,9.42908,9.93099,9.34526,9.947,9.90089,9.71062,9.66633,9.81953,9.82025,9.63166,9.66609,9.64412,9.43985,9.99789,9.56705,9.69246,9.18473,8.84622,9.86436,9.81505,9.94001,9.80925,9.22059,9.89742,9.26326,9.49581,9.68285,9.71865,9.53481,9.90047,9.87314,9.60265,9.5726,9.11332,9.25751,9.70608,9.35079,9.72311,9.15925,9.14648,
7.80515,9.77976,9.47809,9.5758,9.04577,9.32835,9.67543,9.99858,9.84714,9.95818,9.38822,9.86137,9.902,9.64426,9.35554,9.7168,9.58253,9.86573,9.81659,9.22559,9.84519,9.8492,9.18954,9.77216,9.34279,9.74415,9.70255,9.35073,9.88644,9.81213,9.93664,9.97496,9.12314,9.71773,9.26764,9.46002,9.67301,9.78883,9.58169,9.45472,9.90937,9.95905,9.52028,9.55413,9.23256,9.42529,9.63038,9.2047,8.65156,9.24614,
8.34207,9.65484,9.24703,9.64548,9.53159,9.98366,9.92296,9.66407,9.4552,9.99594,9.37771,9.86394,9.82084,9.66996,9.06508,9.61318,9.66534,9.87346,9.88698,9.57146,9.92484,9.88682,9.70562,9.60272,9.62876,9.95686,9.50793,9.23017,9.90161,9.75553,9.63262,9.83597,8.9833,9.81965,9.91269,9.58895,9.62416,9.77832,9.55118,9.93779,9.87029,9.9184,9.48385,9.78106,9.33227,9.68571,9.9965,9.71255,8.9059,9.18747,
8.29041,9.71286,9.23534,9.92827,9.47545,9.63496,9.9072,9.79618,9.78372,9.89691,9.45691,9.76744,9.78776,9.76585,9.05166,9.86315,9.56145,9.65094,9.67381,9.62247,9.96561,9.80376,9.65859,9.47083,9.68534,9.7238,9.4227,9.5071,9.87819,9.82615,9.40849,9.88968,9.51666,9.66321,9.59179,9.22152,9.58483,9.24911,9.98928,9.87024,9.84625,9.84859,9.44051,9.83594,8.91289,9.72128,9.71026,9.99646,8.96389,9.25302,
8.38344,9.90521,9.20361,9.7617,9.9424,9.92607,9.48319,9.93079,9.87573,9.79912,9.44022,9.45656,9.77537,9.47708,9.01151,9.75128,9.59573,9.68645,9.73861,9.56797,9.83433,9.76784,9.09191,9.90158,9.5412,9.58416,9.67759,9.21189,9.83286,9.68879,9.19282,9.86112,9.17142,9.75772,9.70495,9.22949,9.64268,9.21659,9.83834,9.9671,9.71008,9.33941,9.93458,9.58585,9.23526,9.85441,9.69064,9.74457,8.6413,9.05815,
8.78687,9.81872,8.81021,9.75752,9.89962,9.67946,9.52249,9.7757,9.6662,9.98434,9.12425,9.95084,9.84191,9.65854,9.49887,9.63891,9.45277,9.66236,9.70587,9.5509,9.80066,9.92653,9.18634,9.70768,9.966,9.62257,9.73712,9.55023,9.76525,9.72426,9.89977,9.98831,9.11122,9.7408,9.79307,9.83569,9.77089,9.55083,9.6466,9.56561,9.91096,9.09002,9.95329,9.88301,9.75036,9.95364,9.54698,9.47965,9.06828,9.11032,
9.74281,9.83698,9.1061,9.75116,9.97611,9.7604,9.40226,9.60607,9.77682,9.85296,9.65604,9.75168,9.49943,9.60557,9.46951,9.58652,9.47686,9.57601,9.39422,9.45361,9.74556,9.85301,9.67025,9.719,9.98097,9.72132,9.69102,9.85611,9.89966,9.69953,9.82291,9.95476,9.94096,9.39021,9.78134,9.90055,9.68852,9.73616,9.51798,9.56429,9.96259,9.18523,9.82996,9.54024,9.95129,9.88189,9.3039,9.49017,8.8109,9.20162,
9.85071,9.96688,9.03032,9.88126,9.91242,9.8435,9.77448,9.62058,9.95971,9.71527,9.78004,9.8956,9.29944,9.57488,9.44356,9.13551,9.31727,9.90414,9.58508,9.56424,9.75494,9.75307,9.72364,9.9323,9.66131,9.8091,9.95282,9.80038,9.86589,9.90583,9.82764,9.75517,9.94642,9.47349,9.76783,9.73776,9.56382,9.1336,9.85499,9.87765,9.96574,9.32353,9.63956,9.72127,9.65399,9.99351,9.2907,9.40854,8.75079,9.26467,
9.49835,9.78088,8.63034,9.73999,9.87754,9.76874,9.36162,9.62195,9.68275,9.91937,9.96151,9.87122,9.20219,9.51316,9.78621,8.92405,9.49832,9.68817,9.42138,9.53815,9.82143,9.76177,9.66774,9.92111,9.74321,9.47439,9.59731,9.81702,9.97993,9.85541,9.98994,9.83886,9.93767,9.02903,9.75905,9.68685,9.93564,9.42508,9.4647,9.92822,9.99467,9.39427,9.67615,9.83534,9.81443,9.97731,9.94177,9.01684,9.48777,8.95991,
9.33023,9.74364,8.57218,9.61959,9.9438,9.67736,9.9791,9.06167,9.7182,9.99813,9.85138,9.83568,9.35304,9.44133,9.86761,9.0788,9.74412,9.57744,9.36566,9.47503,9.80795,9.98238,9.72824,9.88486,9.33788,9.5856,9.67654,9.81126,9.99426,9.89452,9.90673,9.67708,9.87925,8.74894,9.91741,9.16424,9.77004,9.93079,9.45284,9.92241,9.81169,9.2451,9.67968,9.519,9.90907,9.90614,9.81567,9.57297,9.05486,9.21353,
9.41614,9.66581,8.41864,9.92998,9.60357,9.8438,9.99526,8.95935,9.91495,9.76477,9.37748,9.86009,9.58431,9.81004,9.61002,9.11713,9.29228,9.48765,9.80083,9.48855,9.99077,9.80969,9.70802,9.95091,9.71738,9.76114,9.96749,9.84548,9.98188,9.83411,9.94235,9.71508,9.51938,9.11415,9.91153,9.3041,9.88451,9.74868,9.83557,9.98735,9.82216,9.0275,9.6826,9.75206,9.80335,9.64735,9.92375,9.79432,8.9539,8.75023,
9.17631,9.643,8.5348,9.77157,9.65945,9.77254,9.99815,9.96207,9.83526,9.73442,9.09919,9.69694,9.90739,9.3903,9.58022,9.01071,9.62353,9.68046,9.98192,9.64423,9.7256,9.92399,9.81437,9.86384,9.16937,9.45429,9.74809,9.80066,9.59615,9.84118,9.71545,9.77609,9.49597,9.37179,9.96778,9.37058,9.71036,9.73527,9.65464,9.63691,9.95615,9.42276,9.70253,9.3448,9.95164,9.63992,9.95508,9.88187,9.32453,9.11065,
8.99466,9.58589,8.73579,9.77263,9.71804,9.85475,9.88395,9.71806,9.8947,9.7595,9.16262,9.77582,9.85762,9.25313,9.69845,9.91682,9.46668,9.79762,9.66854,9.11138,9.94719,9.89328,9.47114,9.98313,9.48941,9.10171,9.61882,9.83722,9.67616,9.96628,9.48249,9.72829,9.96031,9.6777,9.61014,9.91697,9.59182,9.70977,9.76347,9.31169,9.88319,8.9651,9.64026,9.38585,9.59843,9.72628,9.70669,9.77282,9.51597,8.77791,
8.7978,9.59889,9.09021,9.72806,9.79837,9.847,9.78999,9.77125,9.89882,9.66313,9.63969,9.97413,9.76578,9.88651,9.81668,9.85624,9.55169,9.74296,9.26665,9.71077,9.95165,9.91101,9.44777,9.90702,9.45235,9.17734,9.80142,9.78775,9.98325,9.59657,9.76869,9.64824,9.88745,9.52584,9.75217,9.67437,9.62386,9.79571,9.7197,8.75025,9.81729,9.39833,9.74468,9.7935,9.42462,9.61353,9.57686,9.8393,9.10952,9.09572,
9.22134,9.97597,9.14727,9.64051,9.73598,9.924,9.6517,9.86101,9.94482,9.73006,9.31915,9.9662,9.38447,9.8751,9.81133,9.97523,9.19818,9.65131,9.24913,9.74375,9.9284,9.51842,9.29791,9.97272,9.80356,9.51187,9.95241,9.61843,9.75962,9.61576,9.70708,9.76614,9.93166,9.52066,9.99465,9.68535,9.76487,9.45568,9.77395,9.65054,9.85493,9.5312,9.77391,9.62414,9.60904,9.95056,9.40944,9.77483,9.04255,9.15675,
9.71909,9.98833,9.25809,9.96872,9.77667,9.81906,9.25969,9.69153,9.3574,9.75704,9.0144,9.99962,9.43444,9.88453,9.79296,9.95536,9.77132,9.77479,9.72687,9.61646,9.55899,9.56885,9.70544,9.74496,9.89437,9.67337,9.75843,9.65535,9.87343,9.98827,9.5516,9.72949,9.79283,9.20697,9.80217,9.36473,9.61031,9.78218,9.72654,9.96453,9.65421,9.79813,9.43102,9.79571,9.33564,9.7377,9.49894,9.84141,8.45437,9.07676,
9.76079,9.82516,9.38865,9.69514,9.70789,9.94,9.06106,9.68897,9.52604,9.84045,9.4697,9.49022,9.4718,9.84586,9.75955,9.64404,9.35222,9.83624,9.94301,9.577,9.57667,9.98446,9.71502,9.2344,9.77139,9.44692,9.89572,9.64028,9.75599,9.8901,9.54903,9.767,9.72775,9.68119,9.21303,9.8386,9.49755,9.78511,9.97571,9.74187,9.72727,9.98058,9.91031,9.76705,9.2631,9.79915,9.54404,9.58867,8.85683,9.21337,
9.28636,9.45493,9.64194,9.95641,9.78603,9.91255,8.86108,9.98472,9.54525,9.84324,9.43957,9.65685,9.78538,9.6734,9.6467,9.24595,9.46179,9.83743,9.96644,9.69831,9.24531,9.70017,9.70046,8.93299,9.83174,9.90274,9.79539,9.83401,9.94285,9.65895,9.40806,9.7449,9.72236,9.8044,9.45702,9.69734,9.37767,9.57531,9.76129,9.75064,9.8041,9.42767,9.72595,9.6422,9.53303,9.767,9.5035,9.22326,9.34255,9.06273,
9.18286,9.97039,9.61266,9.43473,9.98256,9.807,9.71731,9.96902,9.62212,9.85358,9.48003,9.8372,9.86724,9.71119,9.24425,9.22849,9.97017,9.71836,9.77827,9.78872,9.3397,9.94742,9.45547,9.74057,9.82993,9.65562,9.75466,9.75263,9.97437,9.91649,9.72684,9.63944,9.59674,9.88581,9.43934,9.94759,9.05156,9.16171,9.75112,9.68549,9.99815,9.29751,9.67355,9.76381,9.84919,9.85803,9.86382,9.2595,8.88754,9.03611,
8.72222,9.98164,9.77212,9.9613,9.8575,9.75259,9.94551,9.76059,9.53932,9.9306,9.57245,9.72865,9.84561,9.70539,9.26648,8.86216,9.58097,9.25048,9.57917,9.75652,9.42805,9.86067,9.55053,9.83912,9.71344,9.87103,9.62643,9.77314,9.67083,9.77888,9.67875,9.9357,9.96468,9.60811,9.38107,9.75604,8.57333,9.73479,9.89855,9.74126,9.97627,9.42802,9.33198,9.73645,9.39591,9.71317,9.6189,9.32909,9.1516,9.1039,
8.40972,9.68577,9.53643,9.73028,9.61194,9.81243,9.84723,9.78293,9.98432,9.88713,9.58901,9.61311,9.97831,9.96454,9.17797,9.03733,9.82392,9.18505,9.59499,9.77802,9.29863,9.8994,9.5399,9.84949,9.74124,9.77695,9.67053,9.97228,9.55854,9.73432,9.638,9.79862,9.5868,9.4652,9.68112,9.6883,8.81905,9.64279,9.57625,9.79412,9.80159,9.28675,9.26675,9.87959,9.70397,9.91819,9.95269,9.14424,9.57562,8.89512,
8.23524,9.72564,9.6409,9.6119,9.13276,9.78704,9.92397,9.92894,9.51094,9.65794,9.93003,9.57947,9.93375,9.55757,9.27423,9.35051,9.75073,9.60363,9.66716,9.90783,9.31571,9.97763,9.39363,9.94354,9.30823,9.79089,9.37962,9.67464,9.9001,9.65329,9.88026,9.612,9.6957,9.20463,9.63264,9.73216,9.7951,9.72089,9.43558,9.86614,9.93956,9.39468,9.35404,9.6483,9.64683,9.47091,9.57547,9.83151,9.22386,8.74905,
8.25488,9.96792,9.52452,9.83987,9.29194,9.5873,9.54459,9.62212,8.99199,9.78993,9.84951,9.6412,9.84561,9.94191,9.31582,9.13273,9.76397,9.68107,9.63701,9.9174,9.73667,9.74599,9.83883,9.73623,9.83326,9.75877,9.9337,9.56987,9.93713,9.61703,9.87961,9.25509,9.96484,8.73771,9.68224,9.93857,9.5628,9.27444,9.48045,9.88668,9.66571,9.98867,9.33871,9.48182,9.61068,9.04576,9.30694,9.42255,8.97519,9.17915,
8.28414,9.79256,9.37125,9.88476,9.53132,9.67891,9.58843,9.48631,8.99011,9.84534,9.73001,9.29963,9.79503,9.91824,9.30367,9.89507,9.76528,9.49567,9.60619,9.97318,9.17318,9.67708,9.45392,9.50883,9.74964,9.64107,9.94545,9.51832,9.86082,9.4002,9.83933,9.57101,9.73343,9.57344,9.62764,9.98139,9.91514,9.24569,9.37069,9.94098,9.64044,9.70475,9.37893,9.36604,9.61316,9.9447,9.6547,9.77184,8.48534,8.82059,
