0.618663,0.559648,0.579709,0.620724,0.616134,0.615462,0.589464,0.585705,0.620135,0.592811,0.601762,0.581721,0.564882,0.619511,0.598708,0.600059,0.605336,0.611027,0.611116,0.59827,0.629759,0.601549,0.608038,0.56357,0.594148,0.579588,0.570825,0.618807,0.582633,0.60438,0.59022,0.632128,0.558798,0.584114,0.597944,0.609773,0.58761,0.587973,0.601771,0.61718,0.588462,0.542312,0.587502,0.576522,0.610051,0.57881,0.610199,0.606532,0.575823,0.632029,
0.598746,0.564231,0.597417,1.79697,0.562837,0.6376,0.583773,1.19931,1.20941,0.615943,0.591585,0.595268,1.18166,0.622212,2.46103,1.79671,1.22059,0.613664,0.60289,0.576913,1.20971,1.80979,2.32521,0.596751,0.606003,0.61519,1.80672,0.609287,1.13829,1.2173,0.593323,1.2447,0.581044,0.62207,0.622695,2.96356,1.19651,1.77096,1.18419,2.43066,0.619632,0.584315,3.06614,2.92234,1.17938,1.16592,1.16875,0.620726,1.78013,0.614345,
0.612888,0.593191,0.594263,2.97736,0.584093,0.620118,0.588454,2.36132,1.85577,1.16287,0.589584,1.77749,1.17643,0.571932,4.22291,2.40921,2.43066,0.655983,1.75469,0.550516,1.16648,2.4184,4.13038,1.20244,0.594185,0.579499,3.69706,1.21198,2.40401,1.80727,0.628413,1.22988,1.20368,1.7975,0.557804,3.55369,1.22888,2.42027,1.16951,3.59986,0.552622,0.572558,4.25819,4.77053,1.20351,2.4084,1.82498,0.597636,2.31996,0.584698,
0.628869,0.630943,0.631784,3.56308,0.60187,0.571688,0.60227,3.00969,2.45279,1.16191,0.599631,3.64831,1.80182,0.571305,5.40609,2.42214,2.4045,2.97335,2.93987,0.598295,1.17549,2.98381,4.08738,1.20998,0.607124,1.16368,4.29156,1.19717,2.41155,3.57484,0.619747,2.34335,1.23584,2.97287,0.612404,5.32771,1.23538,3.08106,1.20954,3.58434,0.597954,0.598624,5.96779,6.53387,1.23839,2.99651,2.48534,1.72832,2.8598,0.622748,
0.605909,0.608695,0.573552,4.79024,0.574942,0.608479,0.592523,3.02241,3.02054,1.76004,1.69198,4.28242,3.02948,0.60072,7.19213,2.41284,3.62832,4.20526,3.60078,0.614641,1.20691,2.99964,4.76983,1.80891,0.605205,1.74888,5.43094,1.15997,3.65253,4.14947,0.616061,2.93669,1.23038,2.95866,0.597953,7.74734,1.81583,3.71876,1.26883,4.818,0.609956,0.623182,8.29393,7.21914,2.41952,4.85901,3.07724,1.71985,2.86257,1.82089,
0.622449,0.615763,0.603129,6.56841,0.553972,0.592844,0.605756,3.6183,3.62945,2.44697,1.71345,6.09416,3.64221,0.637318,9.58193,3.00045,3.61109,5.39364,4.22586,0.61826,2.32971,3.02819,4.7889,1.82318,0.599985,1.78316,6.00723,1.17996,4.24264,5.92054,0.598216,4.78512,1.2332,3.54538,0.605818,9.56289,2.38723,4.32152,1.30628,6.03051,0.596636,0.606524,9.5103,9.6134,2.35042,4.92222,3.7127,1.72408,3.52017,1.78215,
0.599767,0.583643,0.611889,7.20467,0.587891,0.553879,0.625325,4.83729,4.20026,2.4609,1.74218,7.98289,3.6811,0.624573,9.56475,4.19913,4.2293,6.6518,5.46044,0.625683,2.33419,3.03447,5.43634,1.83169,0.591295,2.37627,5.99036,1.79626,4.84033,7.05861,0.622104,5.99009,1.21368,4.15028,0.574755,9.56531,2.40266,4.34563,1.27059,9.10712,1.18718,0.600882,9.47324,9.64134,2.3504,6.05063,4.2992,1.73416,4.2157,2.38017,
0.584659,0.552478,0.643965,8.43263,0.613263,0.585714,0.611236,4.81449,4.84669,3.12128,1.81851,9.73687,3.69679,0.611427,9.58065,4.8098,4.2135,7.2958,6.04479,0.631507,3.01035,3.08247,5.99344,1.86725,0.598756,2.35307,7.67789,1.8183,4.87811,8.88861,0.578905,6.60844,1.18488,4.14218,0.574133,9.55779,2.40113,4.91698,1.25448,9.64512,1.21861,0.609784,9.44159,9.6262,2.35252,7.32516,4.24851,1.76926,4.84427,2.40236,
0.602726,0.606739,0.634471,9.67533,0.613907,0.58255,0.597941,6.00985,6.06131,3.65279,1.81295,9.75177,3.66023,0.593146,9.5296,5.37904,4.19765,9.74318,6.59516,0.595138,3.57306,3.65159,6.61896,1.81809,0.564431,2.96463,8.26154,1.82242,4.83837,9.46388,0.615463,7.24445,1.20618,5.34749,0.584952,9.56631,2.95906,5.5205,1.23842,9.67609,1.22356,0.586272,9.48046,9.61908,2.40037,7.31267,4.2046,1.84109,4.89403,2.41815,
0.590784,0.591335,0.603047,9.6564,0.628342,0.595991,0.614968,6.58144,6.71762,4.25561,1.79929,9.74971,3.64523,0.608891,9.54649,5.96076,5.38832,9.74534,7.79299,0.591603,3.60753,4.25603,7.835,1.78402,0.61692,2.9786,8.85162,1.76209,5.39931,9.54014,0.587818,7.82917,1.20591,5.37781,0.598578,9.57478,2.9732,6.12449,1.15652,9.6702,1.80333,0.591752,9.46054,9.62878,3.00559,7.30824,4.83295,2.45051,5.49236,2.42876,
0.606322,0.612671,0.596533,9.65772,0.614066,0.629602,0.639972,7.1886,7.27798,4.84519,3.05028,9.72163,3.60436,0.595246,9.57592,6.5071,6.61698,9.7654,8.36435,0.597598,3.6084,5.38671,9.70651,1.74308,0.610852,3.57427,9.43639,1.73778,5.38615,9.57589,0.580768,8.41538,1.25082,6.56415,1.19731,9.58856,2.98595,6.07976,1.16045,9.67081,1.80072,0.599949,9.48275,9.62322,3.60865,7.92313,5.39937,3.04682,6.06366,2.41192,
0.610987,0.587601,0.606992,9.67518,0.605464,0.612936,0.638768,7.20611,7.89373,4.80718,3.07019,9.70356,4.19654,0.612884,9.58119,6.53146,7.82889,9.74166,8.93319,0.560497,3.58714,5.38166,9.68134,2.88431,0.629739,4.21137,9.46738,1.78885,5.37355,9.5936,1.17563,9.0588,1.24681,6.56135,1.23899,9.57558,3.56638,6.69283,1.133,9.6381,1.78715,0.598391,9.48813,9.63785,3.60542,8.47192,5.39556,3.6334,7.2506,2.37111,
0.575873,0.60566,0.630667,9.65122,0.622778,1.22825,0.565553,7.19577,8.55247,4.81799,3.71144,9.69781,4.16357,0.613235,9.57501,7.0987,7.78023,9.76172,8.93485,0.618082,3.55071,5.97378,9.68867,4.01772,0.563446,4.8176,9.48852,1.81773,5.35707,9.60775,1.81518,9.0501,1.19496,7.12666,1.22143,9.59712,3.58331,6.70719,1.14398,9.5849,1.77089,0.60831,9.47605,9.63996,3.56166,9.06654,6.57271,3.57923,7.84056,2.9936,
0.563442,0.607345,0.621628,9.63274,0.589685,1.19997,0.62954,7.81632,9.14535,4.7956,3.63582,9.70078,5.27984,0.573199,9.55432,7.12482,7.77578,9.79183,8.916,0.634874,4.21496,6.60963,9.67349,4.00167,0.60529,5.42133,9.50762,1.78929,5.37463,9.61028,1.84264,9.05945,1.20361,8.98787,1.25496,9.56472,3.61707,7.32164,1.19648,9.60476,1.77876,0.61739,9.47676,9.64569,3.55602,9.55754,6.56016,3.62237,8.45242,2.98253,
0.6041,0.56367,0.628088,9.6198,0.594374,1.18783,0.587841,8.96566,9.73612,4.84272,4.8003,9.67021,5.93346,0.573781,9.55762,7.77806,7.79686,9.76599,8.92743,0.622967,4.82388,6.64226,9.66988,4.02192,0.590507,5.42376,9.50644,2.35377,5.95471,9.62382,1.84863,9.06837,1.18271,9.5798,1.25173,9.61493,3.62621,7.91193,1.16795,9.59605,2.44046,0.620436,9.53969,9.63552,3.57103,9.5775,7.20776,4.24055,8.45546,4.19797,
0.610679,0.585848,0.581149,9.66289,0.599306,1.19961,1.23428,8.97974,9.70865,4.7865,4.77751,9.71096,5.91258,0.626014,9.59022,7.72907,8.40412,9.75937,8.90536,0.578018,5.42964,6.63931,9.68478,4.02958,0.587954,5.42772,9.50239,2.38997,7.76132,9.59124,1.81442,9.05182,1.20897,9.63473,1.18784,9.61099,4.25512,8.48,1.18174,9.61383,2.44374,0.639932,9.5526,9.5855,3.53603,9.52224,7.26145,4.18507,8.42256,4.79872,
0.604424,0.572466,0.61359,9.64628,0.630178,1.22006,1.21529,8.98919,9.70321,5.36597,5.38497,9.70166,5.90225,0.5695,9.59703,7.72951,9.09962,9.69814,8.90288,0.583884,5.37821,6.61798,9.66664,4.682,0.632896,6.03523,9.46209,2.39045,8.95371,9.60432,1.78966,9.01007,1.82785,9.59212,1.21035,9.57523,4.28193,8.43773,1.84291,9.63241,2.43849,0.574843,9.58934,9.55143,3.50717,9.53117,7.8203,4.14355,8.99509,4.81393,
0.617709,0.599376,0.59746,9.63436,0.613589,1.77209,1.19511,9.01702,9.68078,5.35477,5.41127,9.67955,6.54207,0.602136,9.58756,8.9329,9.67657,9.63023,8.93655,0.606974,5.38864,8.52796,9.68201,4.72262,0.602279,6.0255,9.52104,2.41121,9.01724,9.62083,2.35649,9.02145,2.42224,9.66551,1.21457,9.5739,4.30603,8.99585,1.86668,9.68061,2.3774,0.626024,9.55625,9.55821,3.50056,9.5094,8.42601,4.18172,9.0041,4.77917,
0.585175,0.612578,0.614387,9.62199,0.599358,1.71216,1.20385,8.97407,9.63169,6.00015,5.36395,9.65986,6.54917,0.604253,9.5945,9.53138,9.69499,9.60833,8.90307,0.617613,5.38037,9.16735,9.64876,5.32103,0.576498,6.00451,9.55305,2.36589,9.01718,9.63029,2.41211,9.03868,2.41989,9.65581,1.19199,9.5945,4.33294,9.62712,1.86297,9.64836,2.36268,0.622959,9.56707,9.56222,3.52674,9.49428,9.0534,4.20017,9.03564,4.75866,
0.615199,0.616417,0.60815,9.59305,0.601368,2.26726,1.22638,9.58614,9.61147,6.01023,5.4465,9.62299,6.56021,0.563412,9.61959,9.55232,9.6625,9.59302,8.93334,0.590573,5.8952,9.19399,9.6387,5.98047,0.63118,6.61124,9.54013,2.36119,9.03845,9.67275,2.39459,9.05848,2.43518,9.69795,1.19593,9.5918,4.30039,9.59846,2.42366,9.65557,2.429,0.601545,9.58492,9.52668,3.54588,9.49422,9.0603,4.19557,9.06541,5.36165,
0.613243,0.556874,0.578824,9.57862,0.671306,2.29994,1.24396,9.59705,9.63695,7.22753,5.45367,9.61405,6.62421,0.599807,9.60876,9.62517,9.65487,9.60177,9.57936,0.605583,5.89535,9.17567,9.63093,6.61492,0.59647,7.17395,9.55426,2.39272,9.08479,9.60531,2.97557,9.05967,2.40134,9.71201,1.20471,9.63001,4.25573,9.64485,2.37771,9.61261,2.42414,0.588408,9.63105,9.47621,3.52039,9.5011,9.08011,4.72523,9.10091,5.36099,
0.629076,0.606952,0.570877,9.57249,0.609571,2.38087,1.24555,9.62313,9.6606,7.25189,5.45233,9.62655,7.22196,0.58702,9.61392,9.65199,9.64792,9.54114,9.57508,0.600878,5.9051,9.14639,9.63166,6.66787,0.587688,7.76515,9.53812,2.38107,9.09835,9.60777,2.96811,9.03587,2.39009,9.69871,1.22376,9.58286,4.25615,9.65094,2.3721,9.58494,2.44625,0.610581,9.58434,9.50604,3.57154,9.47748,9.06193,5.34082,9.11864,5.36003,
0.587271,0.584136,0.643288,9.57359,0.650543,2.35126,1.82192,9.62274,9.63843,7.23427,5.48603,9.59531,7.20688,0.600033,9.62864,9.607,9.65295,9.56178,9.60168,0.578793,5.90466,9.14512,9.63582,6.65188,0.586506,7.74311,9.57278,2.39097,9.06387,9.61741,3.58533,9.04888,2.40166,9.70596,1.24222,9.57791,4.18755,9.65092,2.36668,9.60895,2.4445,0.569269,9.56544,9.49559,4.22323,9.42755,9.06895,5.37321,9.11782,5.36326,
0.568517,0.593457,1.24576,9.52195,0.588978,2.38708,1.81381,9.62697,9.61552,7.82374,5.44068,9.59284,7.83686,0.579974,9.63053,9.6196,9.63735,9.55775,9.5861,0.564399,5.88681,9.13967,9.61755,7.20717,0.590352,7.71337,9.57316,2.42332,9.02473,9.65918,3.64683,9.06805,3.05894,9.76966,1.23437,9.58848,4.77998,9.64838,2.36851,9.64592,2.43291,0.601767,9.56985,9.49394,4.21628,9.35855,9.07837,6.03877,9.14721,5.96495,
0.585138,0.602043,1.19013,9.52963,0.629634,2.41436,1.78097,9.59333,9.64462,8.4212,5.45515,9.5292,8.42914,0.587828,9.63091,9.61877,9.68591,9.53875,9.56998,0.595596,6.53748,9.09032,9.58094,7.2609,0.610748,8.31343,9.57248,2.41326,9.03994,9.69833,3.66834,9.08211,3.07389,9.77909,1.17716,9.61885,4.73387,9.57269,2.38962,9.62775,2.42223,0.628286,9.56464,9.4624,4.83946,9.36983,9.10324,6.00362,9.08636,6.55896,
0.595944,0.580574,1.18309,9.52665,0.550501,2.38422,2.38265,9.58451,9.59751,9.03872,6.04597,9.53541,9.08012,0.601965,9.61547,9.59278,9.73911,9.54715,9.63891,0.56559,6.59701,9.12119,9.57005,7.22535,0.619345,8.32596,9.55695,2.39321,9.04913,9.68097,3.65805,9.04329,3.09783,9.75233,1.74532,9.6081,4.71546,9.5758,2.39472,9.629,2.39514,0.593311,9.59419,9.46791,5.46521,9.9826,9.10378,6.0036,9.11626,6.60747,
0.602745,0.617722,1.23554,9.51623,0.596829,2.39715,2.35604,9.55443,9.5665,9.69324,6.02724,9.53516,9.74666,0.57085,9.60827,9.60392,9.70238,9.5317,9.59868,0.577562,7.19451,9.12081,9.54904,7.79049,0.619042,8.31587,9.5293,2.38149,9.05398,9.65344,3.6476,9.01325,3.63507,9.72231,1.78597,9.57619,4.72263,9.56676,2.41564,9.61864,2.39733,0.603944,9.64261,9.42889,5.45593,9.94507,9.06518,5.96317,9.10211,7.19215,
0.607156,0.614125,1.20778,9.49521,0.604773,2.38139,2.3908,9.57943,9.54324,9.68569,6.06847,9.54277,9.73186,0.560267,9.5788,9.55142,9.70763,9.47367,9.59325,0.595076,7.20595,9.102,9.55224,8.47022,0.612416,8.29724,9.56201,2.33087,9.09598,9.6607,3.6271,9.03741,3.61936,9.73031,2.40941,9.54102,4.76757,9.56221,2.37943,9.60652,2.37611,0.617908,9.63929,9.39311,6.62022,10.0065,9.04895,6.56982,9.08974,7.81852,
0.578375,0.576676,1.17123,9.49695,0.600213,2.97902,2.37232,9.60944,9.52882,9.69401,6.00627,9.53197,9.71558,0.600465,9.60361,9.53386,9.7293,9.47207,9.5868,0.594268,7.19437,9.08122,9.5507,9.10161,0.612012,8.30694,9.56704,2.35691,9.06855,9.66343,3.65492,9.00242,3.59302,9.68409,2.41327,9.5265,4.7498,9.58183,2.35622,9.64432,2.40811,0.582461,9.65944,9.43412,7.22053,10.0559,9.04729,6.62247,9.11909,8.41219,
0.650207,0.571252,1.17723,9.50395,0.594698,3.5969,2.38553,9.62079,9.50811,9.69891,6.01789,9.51223,9.73873,0.58433,9.57279,9.54397,9.71218,9.49151,9.53866,0.594041,7.21121,9.04298,9.55542,9.65355,0.561335,8.28887,9.58244,2.4169,9.06787,9.67153,3.64399,8.97827,3.62235,9.67529,2.42723,9.54951,4.78122,9.59681,2.29974,9.62655,2.42598,1.18371,9.70757,9.99898,7.19586,10.0642,9.03368,6.61705,9.11144,8.41021,
0.56069,0.574186,1.16629,9.52117,0.585843,4.17751,2.39068,9.63429,9.52098,9.71856,5.96674,9.54231,9.7419,0.55661,9.57592,9.53688,9.67559,9.51837,9.59616,0.55129,7.84471,9.02783,9.58386,9.62102,0.586858,8.25286,9.58975,2.42044,9.07918,9.69812,3.6514,8.96924,4.2362,9.67274,2.45151,9.53272,4.80035,9.63406,2.27885,9.64899,2.43315,1.19165,9.71038,9.99507,7.19746,10.0451,9.04047,6.60169,9.07635,8.42511,
0.634813,0.617799,1.18615,9.50663,0.606451,4.23305,2.38951,9.64605,9.50318,9.6987,5.95636,9.60077,9.71969,0.620703,9.59175,9.50638,9.60545,9.53923,9.61679,0.630006,7.82658,8.99254,9.56222,9.65621,0.62347,8.3177,9.57525,2.40019,9.08918,9.73102,3.65484,9.01178,4.2849,9.69334,2.43136,9.52456,5.3891,9.68216,2.88771,9.63553,2.4126,1.18625,9.71857,10.0231,7.14882,10.0834,9.01837,6.60286,9.12069,8.41403,
0.597985,0.600984,1.1728,9.51443,0.575649,4.21699,2.40731,9.61324,9.49724,9.66751,5.97337,9.61023,9.76273,0.611396,9.59258,9.49636,9.54878,9.55333,9.62134,0.653296,7.81636,8.99102,9.5565,9.65343,0.595694,8.96102,9.61869,2.39268,9.07768,9.7664,3.66124,9.05705,4.32108,9.68233,2.43713,9.55824,5.40475,9.72634,2.93991,9.60289,2.39032,1.135,9.70617,10.0237,8.29348,10.0988,9.02855,6.62339,9.1433,8.40867,
0.570425,0.61805,1.15091,9.5103,0.584888,4.23176,2.39764,9.63854,9.51106,9.63776,6.50866,9.53602,9.73733,0.59225,9.60429,9.48575,9.56812,9.60719,9.6652,0.594055,7.80586,8.92788,9.53861,9.65279,0.618634,9.55671,9.61499,2.34986,9.073,9.75038,4.2448,9.06735,4.3003,9.63667,2.4391,9.54638,5.42306,9.74115,2.98555,9.54072,2.41189,1.78568,9.74095,10.037,8.89392,10.0733,9.02519,6.56373,9.12942,8.37334,
0.613813,0.589946,1.75877,9.52699,0.603185,4.21661,2.40801,9.63621,9.55431,9.62738,6.44627,9.49554,9.76983,0.577069,9.61115,9.50802,9.5569,9.62596,9.70999,0.608169,8.427,9.50311,9.55359,9.67751,0.588433,9.53873,9.63325,2.94971,9.04298,9.75096,4.79795,9.08571,4.31999,9.63644,3.0218,9.52842,5.4502,9.72381,2.97368,9.55669,2.39908,1.79403,9.71406,10.0255,8.87866,10.0729,9.05245,6.56107,9.12288,8.37007,
0.627905,0.614471,1.78569,9.50171,0.587419,4.76072,2.40823,9.62156,9.54169,9.64018,6.4747,9.51072,9.76565,0.59974,9.60202,9.44773,9.55849,9.65287,9.66568,0.591566,8.96066,9.51661,9.50584,9.65498,0.584019,9.56918,9.6568,2.95583,9.008,9.7216,4.77242,9.05605,4.27689,9.59383,3.04239,9.53758,6.02978,9.72965,3.03016,9.55706,2.98469,1.78604,9.68855,10.0921,8.9023,10.0493,8.99858,7.16188,9.05929,8.35072,
0.581951,0.580629,2.40459,9.49272,0.618897,5.37417,2.39892,9.63365,9.51969,9.7148,6.47457,9.5044,9.75713,0.612983,9.6278,9.41057,9.56916,9.70572,9.62479,0.607613,8.95859,9.52195,9.53204,9.58597,0.555394,9.56712,9.61848,2.96156,8.95518,9.76344,4.7451,9.0756,4.83176,9.56945,2.97998,9.54857,6.6279,9.64447,3.01978,9.55952,3.57021,1.77286,9.66143,10.1674,8.92852,10.035,9.02454,7.14736,9.0479,8.91165,
0.589983,0.595509,2.41413,9.55347,0.573542,5.41211,2.41713,9.61985,9.52819,9.71844,7.06704,9.50084,9.75234,0.574656,9.6417,9.39624,9.54487,9.77006,9.64902,0.601916,9.00502,9.53784,9.54842,9.65658,0.623559,9.57799,9.62146,2.9868,8.96649,9.77166,4.76353,9.09131,4.82538,9.53453,2.99217,9.58524,6.61674,9.59081,3.00728,9.61078,3.5449,1.82432,9.70295,10.1857,8.91913,9.9981,8.99882,7.16093,8.98763,8.92273,
0.579672,0.585957,2.39696,9.58867,0.642618,5.43022,2.39406,9.64608,9.56266,9.70634,7.66123,9.49392,9.76681,0.609875,9.6669,9.43237,9.51373,9.74878,9.66171,0.619678,8.98884,9.53993,9.50915,9.69884,0.595191,9.54822,9.60929,3.01489,8.99944,9.71311,5.38147,9.09066,4.80371,9.51939,2.97618,9.57499,6.59044,9.61488,3.00516,9.6313,3.55444,1.83026,9.72815,10.1967,8.93768,10.0643,9.0405,7.20736,8.96982,8.95265,
0.575573,0.60399,2.4333,9.62707,0.634165,6.05777,2.35042,9.62411,9.57834,9.68144,7.64054,9.50871,9.75474,0.601713,9.65115,9.45262,9.53316,9.76736,9.67352,1.2386,9.00991,9.55923,9.5124,9.68352,0.57813,9.55563,9.61131,3.04641,9.59438,9.67348,5.982,9.06701,4.72682,9.49872,3.02343,9.5748,6.56519,9.61645,3.04629,9.62635,3.56001,1.79153,9.71431,10.2101,8.93441,10.0907,9.02658,7.1794,9.02318,8.91793,
0.632366,0.588812,3.07576,9.6496,0.64496,6.03038,2.37511,9.63992,9.54134,9.72829,8.83336,9.5226,9.76116,0.591055,9.67523,9.44618,9.50966,9.73984,9.67601,1.18929,9.00107,9.53637,9.52017,9.64731,0.648344,9.56209,9.64219,3.07212,9.53322,9.65305,5.94955,9.03846,4.74053,9.51413,3.08821,9.53525,6.5631,9.60478,3.04634,9.61649,3.54652,1.78549,9.6698,10.2182,8.92195,10.1022,9.02769,7.74225,9.00777,8.92226,
0.575631,0.614765,3.08508,9.66213,0.618553,6.01544,2.36002,9.64617,9.56719,9.72879,8.82525,9.4731,9.7027,0.590123,9.65894,9.47499,9.45629,9.68811,9.64736,1.1742,9.65188,9.56242,9.52251,9.64872,0.60068,9.55518,9.66797,3.65386,9.52843,9.62539,5.98084,9.0394,4.71676,9.52455,3.1319,9.55289,6.55526,9.60696,3.0477,9.60376,3.54609,1.76304,9.63903,10.2491,8.94003,10.1238,9.04675,8.367,8.96832,8.9135,
0.622057,0.609568,3.0809,9.69813,0.595217,6.02943,2.33849,9.70133,9.56638,9.70835,8.84729,9.46849,9.71302,0.612325,9.68217,9.48855,9.49273,9.67587,9.66924,1.20149,9.62809,9.58232,9.54789,9.54214,0.563708,9.55982,9.66143,3.6527,9.4949,9.65228,5.99465,9.03378,4.75922,9.53601,3.10358,9.5864,6.52959,9.59926,3.03231,9.59537,3.58809,1.79544,9.58042,10.2456,8.97313,10.1405,9.06625,8.95258,8.96361,8.89593,
0.613865,0.611216,3.61568,9.70858,0.587298,6.67549,2.39672,9.70204,9.56188,9.72658,8.85651,9.48579,9.71497,0.578772,9.69862,9.49732,9.49137,9.68894,9.65908,1.24958,9.64668,9.54937,9.5403,9.56518,0.595395,9.57442,9.63601,3.64626,9.58304,9.66431,6.0161,9.0829,5.35263,9.52653,3.09088,9.64977,6.52609,9.59614,2.99663,9.62508,3.5527,1.79838,9.59859,10.268,9.01265,10.1694,9.07516,8.94039,8.90078,8.91463,
0.632872,0.565619,3.55118,9.70116,0.607872,6.69372,2.36993,9.6875,9.55436,9.7149,8.89168,9.45578,9.67748,0.626248,9.68315,9.53443,9.48869,9.6773,9.70462,1.81189,9.67076,9.55473,9.50019,9.59879,0.609752,9.62564,9.65619,3.62135,9.57876,9.64787,6.0138,9.12961,5.37922,9.54257,3.01717,9.67315,6.55961,9.60828,3.57973,9.64378,3.56456,1.82438,9.55847,10.2259,9.04934,10.103,9.10605,8.97431,8.89957,8.86847,
0.606175,0.575214,3.56906,9.72649,0.614823,6.71208,2.33649,9.64474,9.55969,9.69165,9.47471,9.46235,9.6912,0.596676,9.72068,9.49186,9.51169,9.64368,9.73432,1.77645,9.67351,9.56118,9.51784,9.57773,0.596236,9.58653,9.64148,3.63142,9.57262,9.67474,5.98305,9.15094,5.37871,9.5726,2.9765,9.65697,7.16536,9.59462,4.21078,9.64239,4.19258,1.84413,9.50135,10.2478,9.02735,10.0487,9.08802,9.01159,8.9539,8.88211,
0.608415,0.602776,4.18052,9.71373,0.607188,6.73293,2.38504,9.60336,9.55581,9.68616,9.48796,9.44816,9.66094,0.629363,9.74389,9.53497,9.53198,9.65123,9.70754,1.7936,9.67672,9.56238,9.50858,9.60047,0.62821,9.58143,9.65315,3.61973,9.58485,9.62084,6.03116,9.14152,5.34496,9.5413,3.54174,9.67845,7.16799,9.56522,4.24298,9.60204,4.22209,1.85922,9.49366,10.266,9.05438,10.0511,9.07113,9.06377,8.93606,8.87208,
0.572903,0.608491,4.19255,9.72456,0.592712,6.68764,2.37126,9.60661,9.59897,9.68278,9.51005,9.95267,9.66342,0.628095,9.71219,9.57207,9.50924,9.65131,9.65508,1.78832,9.67498,9.57516,9.47477,9.55151,0.632601,9.56054,9.66352,3.62524,9.54503,9.60671,5.99545,9.05995,5.40539,9.51162,3.51577,9.67823,7.19787,9.54292,4.29529,9.62578,4.23123,1.89055,9.47962,10.2509,9.11487,10.0651,9.04277,9.05037,8.86089,8.90299,
0.568667,0.575627,4.17897,9.73282,0.632651,6.70184,2.38199,9.63315,9.65562,9.66874,9.49838,9.95952,9.61157,0.59863,9.72384,9.61523,9.47883,9.69383,9.62939,1.80267,9.63498,9.56131,9.50269,9.50502,0.590151,9.5485,9.64699,3.59481,9.54431,9.62369,6.00905,9.01632,5.36913,9.51547,3.51944,9.67694,7.19329,9.53594,4.34176,9.62236,4.20628,1.8858,9.47767,10.2168,9.11431,10.0871,9.04517,9.05278,8.85483,8.88963,
0.611302,0.602189,4.82454,9.72945,0.60434,6.7179,2.42712,9.62871,9.65332,9.69481,9.51233,10.0335,9.65412,0.621317,9.72113,9.64805,9.50908,9.67251,9.61913,2.41032,9.64944,9.60009,9.5262,9.52548,0.548674,9.54526,9.64214,3.58446,9.59582,9.64765,5.9773,8.99123,5.35402,9.5078,3.57486,9.67588,7.20887,9.51402,4.34284,9.63996,4.8991,2.43705,9.48369,10.2514,9.09534,10.1449,9.06897,9.04782,8.85368,8.94237,
0.553742,0.609314,4.83314,9.72503,0.630388,6.70076,2.39878,9.62843,9.66189,9.71126,9.48084,10.0568,9.66359,0.626326,9.7552,9.65862,9.48351,9.65989,9.59402,2.45564,9.67115,9.6263,9.49059,9.53636,0.627164,9.56938,9.6405,4.17911,9.61517,9.64455,5.98429,8.9773,5.31511,9.50816,3.55646,9.64586,7.22299,9.52442,4.37115,9.67544,4.92645,2.41036,9.4756,10.2623,9.07805,10.2104,9.08767,9.02594,8.85837,8.96569,
0.612084,0.597485,4.82491,9.77099,0.570839,6.75436,2.38096,9.63014,9.65921,9.67644,9.52732,10.0869,9.62303,0.567766,9.71618,9.70354,9.46954,9.66416,9.62768,3.08103,9.69171,9.62877,9.52174,9.56263,0.594688,9.5488,9.62471,4.77551,9.63926,9.65277,5.98495,8.9504,5.30256,9.51178,3.55969,9.59099,7.18011,9.49482,4.90324,9.66798,4.903,2.37526,9.48396,10.238,9.0473,10.2324,9.08089,8.98845,8.84481,8.93235,
0.608917,0.597001,4.78769,9.76404,0.589563,6.74366,2.33274,9.66292,9.6637,9.65027,9.53388,10.104,9.62272,0.605105,9.66319,9.72891,9.48757,9.61168,9.66568,3.06269,9.67911,9.58968,9.49639,9.58379,0.591494,9.58517,9.64025,4.77363,9.67307,9.66744,5.98309,8.93424,5.29315,9.49401,3.56123,9.60632,7.22108,9.52078,4.89002,9.67155,4.88945,2.38127,9.44786,10.2296,9.07517,10.2375,9.1012,9.00932,8.8813,8.90028,
0.614696,0.595547,4.80319,9.72145,0.555913,6.71634,2.30586,9.66931,9.66411,9.62298,9.53294,10.1077,9.59038,0.585439,9.62826,9.71277,9.49207,9.56635,9.6678,3.04553,9.689,9.62657,9.41474,9.52855,0.587598,9.58196,9.6249,4.78097,9.64669,9.67235,5.94681,8.95125,5.921,9.55452,3.61224,9.54824,7.23554,9.54367,6.06906,9.64769,4.88968,2.37879,9.42235,10.2136,9.03453,10.2568,9.05132,9.01665,8.85829,8.88733,
0.632197,0.581438,4.78773,9.68929,0.592037,7.33172,2.3223,9.6121,9.63848,9.66004,9.54251,10.1508,9.60775,0.59081,9.62116,9.69588,9.46612,9.56369,9.65001,3.01694,9.64636,9.63945,9.4791,9.51228,0.603375,9.6171,9.59636,4.79865,9.63928,9.70803,5.95944,9.0248,5.93385,9.58858,3.65823,9.54166,7.20734,9.50191,5.99879,9.63983,4.90059,2.34493,9.38519,10.1821,9.00822,10.2841,9.06159,9.03143,8.8384,8.88422,
0.599754,0.597645,4.79544,9.67341,0.585399,7.28821,2.34671,9.61841,9.63246,9.67628,9.56913,10.135,9.603,0.587182,9.60595,9.72339,9.45011,9.51275,9.63053,2.99363,9.63164,9.62589,9.44984,9.54919,0.587813,9.60884,9.62432,4.81516,9.63131,9.67895,5.98441,9.08128,5.96433,9.62546,3.64123,9.46463,7.16147,9.4859,5.96553,9.64555,4.91815,2.34646,9.41568,10.1761,9.00891,10.2641,9.04894,9.03448,8.81193,8.87341,
0.611923,0.618139,4.79068,9.62217,0.618194,7.21746,2.37028,9.61936,9.63206,9.66393,9.53316,10.1531,9.55036,0.585572,9.59556,9.69366,9.46605,9.53983,9.67678,2.99382,9.57667,9.62777,9.43569,9.5207,0.601166,9.61156,9.60788,4.79797,9.67428,9.72638,5.91683,9.1117,5.94985,9.56815,3.62902,9.48795,7.17487,9.51511,5.99617,9.61517,4.86188,2.96594,9.44021,10.1629,8.98619,10.269,9.07882,9.03486,8.85046,8.8499,
0.600761,0.610385,4.76648,9.61307,0.60451,7.16728,2.38749,9.64308,9.59463,9.64333,9.53122,10.1276,9.57756,0.600946,9.62495,9.71413,9.47862,9.54891,9.63404,2.97937,9.58384,9.57915,9.46552,9.50483,0.604013,9.62023,9.60865,4.80148,9.66118,9.76832,5.9604,9.13184,5.95987,9.52795,3.62198,9.4872,7.11188,9.48586,5.97848,9.59098,4.8469,3.00099,9.45745,10.19,9.02281,10.2619,9.04364,9.03737,8.89441,8.89592,
0.576812,0.602414,4.77212,9.59,0.643813,7.73865,2.40323,9.59666,9.60625,9.64715,9.54619,10.1536,9.552,0.606735,9.60482,9.6695,9.44734,9.58295,9.6321,2.99591,9.60083,9.57347,9.99596,9.56909,0.619846,9.62056,9.65089,4.8228,9.69212,9.74166,5.91565,9.0864,6.58476,9.53057,3.64584,9.47179,7.70893,9.46888,6.02128,9.60835,4.83056,3.04292,9.51538,10.1465,9.01576,10.2368,9.0083,9.01122,8.94026,8.88989,
0.595988,0.600891,4.78567,9.58515,0.597371,7.71779,2.40243,9.54878,9.5745,9.62885,9.57708,10.1213,9.55452,0.596107,9.60169,9.69012,9.45315,9.62166,9.6607,3.00192,9.56736,9.57113,10.0082,9.57945,0.615255,9.60633,9.66313,4.81894,9.60403,9.70429,5.94193,9.07642,6.62782,9.54211,3.59686,9.44233,7.66288,9.49979,6.02455,9.57258,4.85802,3.0638,9.49813,10.202,9.00071,10.2689,9.01751,9.01605,8.98288,8.92965,
0.588847,0.589139,4.7902,9.57834,0.586749,7.68913,2.40925,9.55783,9.59244,9.62202,9.6148,10.1843,9.59255,0.598207,9.58342,9.66495,9.44428,9.61597,9.62493,2.99088,9.55004,9.57892,10.0481,9.57882,0.639441,9.58159,9.6242,4.85123,9.60921,9.70548,5.97541,9.08676,6.67165,9.58794,3.5908,9.42243,7.695,9.49926,6.64283,9.5461,4.8493,3.07972,9.50958,10.2457,9.0257,10.2642,9.04632,8.96891,8.96767,8.96265,
0.610453,0.570532,4.79141,9.54866,0.637754,8.33087,2.42072,9.58236,9.59459,9.6546,9.60842,10.1928,9.54854,0.579836,9.55716,9.6923,9.42982,9.62804,9.61905,2.98917,9.57153,9.58724,10.0777,9.5852,0.603553,9.5745,9.59106,4.8245,9.56445,9.64124,5.95205,9.0593,6.70246,9.58775,3.59355,9.4336,7.6737,9.52993,6.68337,9.51343,5.4251,3.05714,9.5385,10.3046,9.02769,10.3107,9.04032,8.9583,8.95602,8.99787,
0.624186,0.612149,4.77206,9.5501,0.601851,8.91635,2.40659,9.57898,9.58705,9.66821,9.60704,10.1783,9.54663,0.596549,9.56357,9.68745,9.97281,9.5853,9.62998,2.9968,9.56917,9.59302,10.0121,9.56792,0.610703,9.56864,9.5921,4.80873,9.60291,9.6829,5.958,9.09806,6.67789,9.63109,3.59304,9.41227,7.72627,9.54435,6.61933,9.56831,5.41461,3.02049,9.51926,10.3155,8.96412,10.3062,9.06037,8.94269,9.01114,9.0063,
0.598584,0.606106,5.3381,9.52737,0.581766,8.92512,2.98229,9.60307,9.57299,9.67553,9.56374,10.2204,9.56107,0.550592,9.54314,9.69284,10.0113,9.58499,9.68623,2.97733,9.5387,9.56798,10.0433,9.58394,0.600496,9.57282,9.61087,4.84612,9.60517,9.65194,6.01513,9.11337,7.27599,9.66518,3.60844,9.44783,7.79866,9.55755,6.60911,9.5516,5.39658,2.99089,9.49593,10.2799,8.94122,10.294,9.01917,8.96552,8.99979,8.99548,
0.660384,0.588275,5.35055,9.58181,0.60068,9.47841,3.01407,9.59443,9.54935,9.72186,9.5686,10.264,9.56956,0.594034,9.50796,9.68082,10.0497,9.52942,9.71695,2.9758,9.54101,9.58218,10.0447,9.62153,0.60175,9.58971,9.59523,4.85179,9.57728,9.60938,6.02578,9.14875,7.26089,9.68632,3.58518,9.45202,7.77173,9.56881,6.61047,9.61461,5.97478,3.01804,9.48991,10.2534,8.96171,10.3352,9.0306,8.96791,9.00508,8.94628,
0.617774,0.586849,5.36618,9.5821,0.575939,9.49855,2.99714,9.61895,9.54352,9.72181,9.53675,10.2424,9.54314,0.567425,9.50472,9.65122,9.98326,9.53114,9.71914,2.98814,9.59282,9.598,10.0477,9.59527,0.590034,9.59557,9.58817,5.47616,9.54871,9.61034,6.01223,9.18207,7.25429,9.68818,3.61813,9.47331,8.34951,9.57346,6.60487,9.61047,5.97684,2.98829,9.43752,10.2705,8.98289,10.3559,9.0575,8.91375,8.99365,8.9674,
0.615056,0.603154,5.39307,9.55103,0.560407,9.45778,2.99535,9.64038,9.55252,9.70957,9.57988,10.2355,9.52207,0.562334,9.46495,9.65545,10.0078,9.52561,9.69196,2.97858,9.58537,9.58894,10.0842,9.56265,0.588463,9.606,9.56176,5.45176,9.55514,9.5749,6.04792,9.19938,7.26641,9.70805,4.15411,9.45254,8.39203,9.53422,7.16503,9.58409,5.99402,3.0499,9.43116,10.2502,9.009,10.2953,9.05525,8.95716,8.99601,8.97453,
0.588663,0.580001,5.37523,9.5327,0.605573,9.47856,3.00111,9.64209,9.55604,9.73468,9.59299,10.2259,9.52475,0.586073,9.48605,9.62055,10.0419,9.51651,9.67169,2.94573,9.55608,9.60996,10.1325,9.57506,0.598797,9.61515,9.56681,5.44812,9.52692,9.56162,6.63115,9.21,7.27515,9.69481,4.14613,9.48335,8.99541,9.56142,7.15249,9.55479,5.97694,3.04212,9.40066,10.2322,8.99291,10.2761,9.06072,8.96199,8.97383,9.03614,
0.604874,0.581072,5.40117,9.53311,0.60371,9.51761,3.00253,9.61397,9.53924,9.70217,9.59184,10.2114,9.54185,0.608223,9.50654,9.62738,10.0133,9.58226,9.64993,2.94727,9.54834,9.62368,10.1144,9.56798,0.552336,9.60225,9.58234,5.45468,9.52555,9.55227,6.66862,9.19048,7.83575,9.7068,4.15354,9.45487,8.94516,9.59082,7.76923,9.56279,5.94582,3.04312,9.44241,10.2615,9.03689,10.2814,9.0317,8.98559,8.97848,9.07435,
0.611843,0.601771,5.39119,9.53884,0.58536,9.5279,2.97442,9.60788,9.4958,9.74747,9.56196,10.2101,9.54972,0.569147,9.51734,9.66034,10.0154,9.60137,9.58559,2.93716,9.52715,9.52661,10.1836,9.57727,0.644647,9.585,9.5894,5.47465,9.57339,9.50541,6.65992,9.11642,7.83658,9.68023,4.11641,9.47461,9.00648,9.54746,7.74991,9.53408,6.5296,3.5989,9.43391,10.2199,9.03439,10.2686,8.99757,9.01112,8.96256,9.10032,
0.603419,0.591476,5.39698,9.54771,0.613545,9.56261,2.97837,9.64646,9.53813,9.73966,9.58677,10.2378,9.52386,0.575019,9.51345,9.67188,10.0635,9.60465,9.58168,2.93105,9.53961,9.50467,10.2064,9.61102,0.599824,9.60184,9.63309,5.47225,9.60055,9.50525,6.60224,9.14503,7.81627,9.65431,4.14605,9.50158,9.00922,9.57977,7.69443,9.50129,6.53766,3.60042,9.45444,10.159,9.05864,10.2227,9.03802,8.9971,8.96329,9.12295,
0.596159,0.610613,6.00698,9.56566,0.551934,9.54684,2.96134,9.65947,9.53034,9.77593,9.59705,10.2296,9.52769,0.58086,9.52296,9.63429,10.0465,9.60144,9.59751,2.92001,9.51828,9.50819,10.2412,9.62798,0.594137,9.59347,9.6073,5.40753,9.64268,9.53259,6.56953,9.13798,7.7893,9.62458,4.15075,9.56349,8.9744,9.57325,7.6972,9.4891,6.53254,3.63384,9.43276,10.1352,9.09662,10.2202,9.03004,9.02674,8.94711,9.11898,
0.590902,0.604454,6.02797,9.5907,0.598792,9.52204,2.99437,9.67169,9.54432,9.76436,9.61336,10.2275,9.5455,0.570819,9.53097,9.6693,10.0259,9.57228,9.5768,2.96956,9.53776,9.49719,10.267,9.65072,0.616414,9.5939,9.62482,5.43081,9.63162,9.49107,6.55962,9.12818,7.76704,9.64555,4.17324,9.58776,9.59305,9.58748,7.66905,9.57162,6.52371,3.63968,9.46212,10.1815,9.06405,10.2114,9.02485,9.05222,8.92273,9.10377,
0.613032,0.592156,6.02456,9.62726,0.603023,9.51138,2.97112,9.63199,9.57242,9.80583,9.64876,10.2205,9.57079,0.582414,9.53787,9.60948,10.0774,9.62967,9.6384,2.96794,9.53016,9.53761,10.2485,9.6615,0.61254,9.61834,9.62369,5.41402,9.66945,9.44432,6.52798,9.14029,8.39731,9.67369,4.16714,9.61605,9.56229,9.626,7.70278,9.59853,6.56059,3.62309,9.44179,10.2045,9.05488,10.2299,9.01984,9.03125,8.94213,9.10993,
0.607124,0.584743,6.00197,9.57742,0.579143,9.46707,2.97654,9.64027,9.55035,9.82156,9.6273,10.2743,9.54753,0.616236,9.53166,9.62994,10.1021,9.60352,9.65419,2.98628,9.52178,9.55994,10.2417,9.65968,0.60713,9.58053,9.61541,5.4057,9.64984,9.44532,6.52439,9.12357,8.42812,9.68904,4.18083,9.6025,9.6341,9.61591,7.70673,9.59333,6.58594,3.64614,9.41942,10.195,9.05592,10.2527,8.98568,8.98687,8.91627,9.07214,
0.591557,0.609011,6.02513,9.57222,0.603044,9.46891,2.98416,9.67595,9.58835,9.81173,9.64342,10.2904,9.50708,0.636755,9.54172,9.64854,10.1017,9.59749,9.61832,2.97542,9.52785,9.56992,10.2452,9.62993,0.57384,9.61326,9.60955,5.40339,9.65123,9.46846,6.48137,9.13278,9.06617,9.66491,4.17503,9.62996,9.58584,9.58659,7.71937,9.64253,6.56302,3.65932,9.4401,10.2285,9.03218,10.2671,8.9716,8.99893,8.91249,9.08152,
0.580314,0.593292,6.65327,9.58842,0.596168,9.45437,3.60322,9.68024,9.55481,9.81611,9.65484,10.3305,9.47563,0.569631,9.5518,9.61238,10.1025,9.58202,9.59589,2.99996,9.5705,9.55648,10.24,9.61076,0.610314,9.6253,9.62331,5.41389,9.6439,9.50746,6.48447,9.14258,8.99379,9.64271,4.20012,9.62952,9.55881,9.57371,7.71596,9.66481,6.57201,3.66475,9.5021,10.2233,9.03351,10.2768,9.01266,8.95275,8.94948,9.06628,
0.574992,0.580049,7.23276,9.6036,0.628127,9.46857,3.61258,9.6495,9.55978,9.78617,9.69797,10.3132,9.49627,0.611436,9.5761,9.56999,10.1005,9.57563,9.57689,2.98672,9.53077,9.5286,10.2313,9.6551,0.607872,9.66073,9.61532,5.40845,9.68924,9.55451,7.06153,9.16687,9.00042,9.6173,4.16852,9.67638,9.57586,9.58634,7.71832,9.66839,6.57578,3.57215,9.51418,10.1864,9.0689,10.2814,9.01096,8.95571,8.94076,9.09188,
0.589265,0.563587,7.20973,9.62912,0.575531,9.45765,3.63486,9.67672,9.58929,9.69832,9.72249,10.2839,9.56508,0.615831,9.54323,9.54078,10.1197,9.56858,9.54939,2.99513,9.49715,9.54432,10.2043,9.66393,0.619196,9.65339,9.62573,5.42065,9.62549,9.49991,7.07531,9.2021,8.97747,9.6099,4.17106,9.68204,9.55947,9.57228,7.70199,9.63908,6.63681,3.58462,9.55362,10.1505,9.0819,10.297,9.02925,8.98389,8.94432,9.10744,
0.614815,0.591376,7.23488,9.64396,0.591348,9.51314,3.66884,9.65807,9.58785,9.6991,9.77934,10.306,9.54907,0.613713,9.5682,9.53303,10.1268,9.56937,9.5093,3.0028,9.5062,9.53464,10.2548,9.67934,0.615212,9.65133,9.60366,5.4313,9.63022,9.57897,7.07606,9.15559,8.97456,9.57337,4.15656,9.64961,9.56917,9.54389,7.70924,9.65582,6.64127,3.59178,9.56174,10.1782,9.08051,10.322,8.96986,8.93204,8.96559,9.13789,
0.625572,0.622532,7.23584,9.54822,0.623381,9.52108,3.64602,9.62466,9.56267,9.70095,9.75498,10.2772,9.54983,0.577456,9.55756,9.53527,10.1268,9.57361,9.51529,3.0177,9.53812,9.58163,10.2843,9.67934,0.636007,9.64625,9.56179,5.44779,9.62361,9.58247,7.08343,9.14336,9.00422,9.5803,4.16617,9.63048,9.49547,9.54713,7.68869,9.61083,6.63744,3.58275,9.54085,10.1679,9.07765,10.3145,8.92032,8.98374,8.99158,9.15402,
0.591068,0.608062,7.22979,9.55342,0.586204,9.49186,3.61435,9.55059,9.55407,9.6988,9.76286,10.2311,9.61293,0.570567,9.54509,9.54056,10.132,9.58559,9.54898,3.01848,9.46915,9.5766,10.2919,9.67439,0.621246,9.67315,9.56468,5.40874,9.58885,9.57211,7.71962,9.1496,9.03875,9.57215,4.16586,9.60977,9.48277,9.54131,7.68777,9.64257,6.63952,3.57494,9.57676,10.2234,9.06734,10.2822,8.93228,8.96817,8.98886,9.17065,
0.61564,0.609445,7.2441,9.56819,0.575848,9.46867,3.65047,9.53851,9.50479,9.68811,9.70397,10.2128,9.61262,0.580518,9.55515,9.53488,10.1748,9.59789,9.55685,3.02676,9.44307,9.56193,10.2815,9.68877,0.558532,9.62816,9.57717,5.38635,9.58243,9.59426,7.78703,9.11603,9.04531,9.58384,4.19879,9.66239,9.55722,9.52643,8.297,9.62698,6.63751,4.11397,9.62973,10.2055,9.08257,10.2365,8.92599,8.94958,9.00482,9.12832,
0.596493,0.611536,7.27816,9.5772,0.579378,9.44,3.6468,9.56225,9.49893,9.68689,9.66136,10.178,9.59433,0.587559,9.51502,9.55526,10.1752,9.57921,9.55294,3.05012,9.44463,9.54873,10.3004,9.67553,0.661043,9.62509,9.61204,5.33398,9.63041,9.58739,7.7914,9.11765,9.01126,9.59014,4.21444,9.65471,9.59923,9.5282,8.33535,9.66054,6.64257,4.11495,9.63127,10.1935,9.08627,10.243,8.97418,8.96537,9.04203,9.07914,
0.650425,0.627931,7.32178,9.56844,0.586556,9.44624,3.6462,9.54633,9.5171,9.70114,9.65571,10.1858,9.60491,0.578229,9.54105,9.5516,10.1896,9.53275,9.57957,3.06486,9.43238,9.52064,10.3011,9.6946,0.6041,9.60857,9.62033,5.91861,9.58041,9.57232,7.78705,9.11185,8.97261,9.5999,4.2433,9.63842,9.56641,9.55292,8.33405,9.65304,6.61065,4.10855,9.67886,10.1888,9.07124,10.2092,9.00834,8.92726,9.06032,9.06674,
0.626786,0.60796,7.28563,9.5477,0.601814,9.49578,3.6148,9.52971,9.57377,9.70213,9.66232,10.1858,9.63108,0.605125,9.56381,9.54698,10.227,9.51421,9.5784,3.08348,9.46633,9.61757,10.3368,9.67033,0.58045,9.60868,9.62047,5.91622,9.5355,9.65092,7.79077,9.02752,8.96865,9.66551,4.76487,9.66015,9.61225,9.60668,8.35007,9.62873,6.65739,4.11882,9.67961,10.1863,9.04208,10.1729,8.97186,8.92494,9.08811,9.03185,
0.58277,0.578023,7.31205,9.5746,0.596421,9.44494,3.66004,9.52996,9.52959,9.7027,9.65156,10.2108,9.63985,0.576183,9.56432,9.55846,10.2694,9.52721,9.57946,3.05321,9.47608,9.59549,10.3362,9.66176,0.619983,9.59928,9.58142,5.87627,9.49759,9.65963,8.44498,9.01383,8.95641,9.66446,4.77587,9.68017,9.67384,9.6055,8.33529,9.62194,6.67918,4.77671,9.64493,10.2,9.0268,10.1761,8.9207,8.91581,9.10111,9.00942,
0.587628,0.590731,7.27796,9.53182,0.611751,9.47371,3.69242,9.49223,9.52636,9.67249,9.6264,10.1863,9.65091,0.590958,9.56502,9.5766,10.2546,9.53407,9.56716,3.02276,9.52366,9.60753,10.3266,9.64669,0.613007,9.59321,9.59115,5.85606,9.44794,9.6755,9.02162,8.99989,8.95121,9.64958,5.38053,9.6658,9.64895,9.63101,8.3691,9.62648,6.60407,4.76249,9.63719,10.2559,8.95898,10.2435,8.91793,8.86962,9.11164,9.01329,
0.624742,0.608739,7.83328,9.55313,0.599423,9.4578,3.68432,9.4648,9.53467,9.67114,9.62925,10.1841,9.65807,0.576183,9.54576,9.5754,10.2844,9.54977,9.59916,3.01204,9.52618,9.64291,10.3125,9.65805,0.619791,9.59336,9.56758,5.87955,9.485,9.66386,9.09731,9.00017,8.91213,9.65033,5.93842,9.63481,9.62846,9.58839,8.42462,9.60144,6.66721,4.80377,9.67364,10.2547,8.9646,10.2661,8.90764,8.92291,9.08917,9.0225,
0.617432,0.618547,7.84084,9.52895,0.631831,9.49343,3.67456,9.49339,9.51733,9.64363,9.62395,10.1971,9.60699,0.608311,9.5189,9.61324,10.265,9.51383,9.56573,2.95089,9.54414,9.61882,10.3192,9.65144,0.607621,9.56944,9.56085,5.87402,9.45626,9.6456,9.05375,9.02545,8.86461,9.66672,5.92682,9.60864,9.64925,9.55886,8.43337,9.61653,6.62436,5.43398,9.72892,10.2283,8.9822,10.2585,8.8918,8.93387,9.12902,9.07122,
0.61655,0.609835,7.84639,9.54029,0.604157,9.49069,3.69704,9.49572,9.5649,9.60791,9.66398,10.2118,9.61287,0.57506,9.49508,9.64544,10.2372,9.52035,9.56843,2.95886,9.53028,9.59742,10.3323,9.65263,0.599374,9.6072,9.52848,5.89393,9.45305,9.65653,9.04529,8.9955,8.85702,9.67638,5.88413,9.59405,9.61306,9.58293,8.43664,9.63497,6.62044,6.04171,9.68791,10.2124,9.01937,10.2442,8.88523,8.93972,9.13724,9.04969,
0.612267,0.614684,7.81057,9.54274,0.582754,9.50206,3.70745,9.47955,9.57311,9.6446,9.62921,10.207,9.67677,0.591849,9.47301,9.6316,10.24,9.50742,9.55518,2.9652,9.49675,9.65979,10.3215,9.64207,0.623918,9.61595,9.51654,5.93863,9.47564,9.62965,9.04031,9.00173,8.94626,9.66199,5.86509,9.59292,9.59459,9.58331,8.42906,9.58676,6.6453,6.61839,9.68193,10.2233,9.00459,10.2763,8.84493,8.98739,9.08267,9.07552,
0.562088,0.570847,7.8108,9.55171,0.588623,9.49677,3.65707,9.50856,9.64047,9.65475,9.58074,10.1853,9.71719,0.596094,9.49261,9.69859,10.2253,9.52528,9.59943,3.62175,9.44877,9.64744,10.3737,9.64482,0.605919,9.59377,9.52947,6.01234,9.46598,9.58844,9.66032,8.95942,8.92448,9.66225,5.87445,9.60217,9.58592,9.59112,8.41352,9.5775,6.65664,6.59026,9.63165,10.2105,8.9772,10.2438,8.82865,9.02937,9.09418,9.06833,
0.590503,0.611429,7.80441,9.57726,0.599994,9.48186,3.64582,9.52907,9.61344,9.68184,9.55612,10.1795,9.68694,0.617619,9.4666,9.73494,10.2452,9.56335,9.63935,3.618,9.47746,9.68915,10.3669,9.63778,0.627938,9.60062,9.55623,6.01435,9.42888,9.58157,9.66866,8.93417,8.92619,9.69345,5.90525,9.57697,9.58045,9.56052,8.40835,9.59751,6.63496,6.55325,9.62508,10.2058,9.00762,10.161,8.85569,8.99576,9.08629,9.04642,
0.602908,0.5844,7.79773,9.55632,0.559166,9.51522,3.6317,9.52891,9.61384,9.71996,9.55762,10.1416,9.58848,0.583939,9.45019,9.73815,10.2095,9.59456,9.64159,3.64643,9.48273,9.65627,10.3701,9.64181,0.614412,9.58261,9.53596,6.00368,9.47617,9.61292,9.62359,8.98827,8.94439,9.68251,5.89988,9.61379,9.57024,9.55169,8.42495,9.61711,6.62482,6.53908,9.62001,10.1845,9.005,10.1567,8.87445,9.03025,9.03157,9.01534,
0.609911,0.596956,7.75584,9.53118,0.624679,9.49875,3.63394,9.55213,9.62478,9.69569,9.51636,10.1528,9.58366,0.605156,9.42576,9.7166,10.2352,9.58628,9.61626,3.62006,9.4943,9.67051,10.371,9.60721,0.587983,9.59025,9.54873,6.00321,9.46124,9.56708,9.61538,9.03257,8.95485,9.67084,5.88756,9.59522,9.56388,9.57263,8.38288,9.59225,6.65478,6.49923,9.59137,10.1908,8.97728,10.1885,8.88498,9.05457,8.99842,8.92929,
0.625565,0.594862,7.78513,9.56757,0.550766,9.49739,3.59526,9.59618,9.62547,9.69682,9.56088,10.132,9.57113,0.583204,9.45489,9.75219,10.275,9.58092,9.56636,3.63411,9.46004,9.63011,10.3274,9.62806,0.638374,9.59985,9.61983,6.00873,9.46669,9.54108,9.60658,9.02172,8.9247,9.67722,5.8547,9.60457,9.63609,9.53617,8.43519,9.63082,6.59883,6.52424,9.63162,10.1683,8.94564,10.2184,8.92223,9.03382,9.0096,8.92548,
0.612779,0.611315,7.80443,9.57767,0.606447,9.49971,3.55,9.59158,9.60128,9.70668,9.55614,10.1182,9.52637,0.618568,9.51231,9.73836,10.2585,9.59199,9.54973,3.62075,9.49056,9.57345,10.2958,9.63716,0.606023,9.56093,9.60731,6.05261,9.503,9.55677,9.64688,9.0083,8.85705,9.67445,6.47624,9.60084,9.65525,9.54579,8.3704,9.60691,6.58518,6.49908,9.60589,10.2066,8.91688,10.2636,8.96151,9.08214,9.04384,8.93243,
0.562638,0.601436,7.75334,9.58943,0.6203,9.51748,3.54502,9.5622,9.5986,9.72057,9.59226,10.1376,9.5113,0.588574,9.51512,9.73737,10.2974,9.59591,9.58851,3.59721,9.52808,9.54984,10.2851,9.65897,0.587799,9.56248,9.63638,6.02717,9.52311,9.54178,9.65166,8.99004,8.8552,9.67685,7.05447,9.58182,9.62333,9.59098,8.36487,9.59644,6.59174,7.09526,9.58792,10.2242,8.89546,10.2518,8.93278,9.08968,9.05996,8.92852,
0.616462,0.630943,7.80576,9.53998,0.583592,9.56063,3.54284,9.55011,9.6009,9.7159,9.6496,10.1774,9.50554,0.569912,9.52543,9.73577,10.2835,9.62829,9.65378,3.59387,9.4731,9.58273,10.2614,9.66208,0.586294,9.59466,9.5726,6.60374,9.53386,9.58897,9.67969,9.00397,8.8899,9.64642,7.6606,9.59225,9.63329,9.60929,8.38252,9.60039,6.52122,7.07664,9.57725,10.2902,8.91569,10.2659,8.91148,9.065,9.04303,8.95579,
